tournament,date,average_driving_distance
Bob Hope Desert Classic,1980-01-13,245.35362318840578
Phoenix Open,1980-01-20,255.45512820512812
Andy Williams-San Diego Open Invitational,1980-01-27,253.9616438356163
Bing Crosby National Pro-Am,1980-02-03,256.0492753623188
Hawaiian Open,1980-02-10,258.93
Joe Garagiola-Tucson Open,1980-02-17,249.45492957746467
Glen Campbell-Los Angeles Open,1980-02-24,243.1028985507246
Bay Hill Classic,1980-03-02,246.27361111111102
Jackie Gleason-Inverrary Classic,1980-03-09,256.9499999999999
Doral-Eastern Open,1980-03-16,261.80579710144923
Tournament Players Championship,1980-03-23,260.0846153846154
Sea Pines Heritage,1980-03-30,240.90344827586202
Greater Greensboro Open,1980-04-06,248.19610389610378
Masters Tournament,1980-04-13,258.11739130434785
MONY Tournament of Champions,1980-04-20,247.16999999999996
Tallahassee Open,1980-04-20,257.5942307692307
Greater New Orleans Open,1980-04-27,257.15138888888873
Michelob-Houston Open,1980-05-04,256.96
Byron Nelson Golf Classic,1980-05-11,274.8919354838709
Colonial National Invitation,1980-05-18,259.6292307692307
Memorial Tournament,1980-05-25,255.90704225352115
Kemper Open,1980-06-01,268.02874999999995
Atlanta Classic,1980-06-08,258.5820512820513
U.S. Open Championship,1980-06-15,262.4813559322033
Canadian Open,1980-06-22,250.0970588235295
Danny Thomas Memphis Classic,1980-06-29,270.99487179487176
Western Open,1980-07-06,262.1012658227848
Greater Milwaukee Open,1980-07-13,261.6140845070422
Quad Cities Open,1980-07-20,264.0175675675675
Sammy Davis Jr.-Greater Hartford Open,1980-07-27,256.08235294117634
IVB-Golf Classic,1980-08-03,249.85857142857137
PGA Championship,1980-08-10,256.3013157894737
Manufacturers Hanover Westchester Classic,1980-08-17,257.92631578947356
World Series of Golf,1980-08-24,265.14782608695657
Buick-Goodwrench Open,1980-08-24,258.87599999999986
B.C. Open,1980-08-31,261.4521126760562
Pleasant Valley Jimmy Fund Classic,1980-09-07,252.5105263157894
Hall Of Fame,1980-09-14,266.8676470588234
San Antonio Texas Open,1980-09-21,266.838028169014
Anheuser-Busch Golf Classic,1980-09-28,260.22054794520545
Southern Open,1980-10-05,256.1149999999999
Pensacola Open,1980-10-12,262.2592105263157
Joe Garagiola-Tucson Open,1981-01-11,271.56486486486483
Bob Hope Desert Classic,1981-01-18,255.24647887323943
Phoenix Open,1981-01-25,267.35384615384606
Bing Crosby National Pro-Am,1981-02-01,243.30666666666673
Wickes/Andy Williams San Diego Open,1981-02-08,254.33623188405804
Hawaiian Open,1981-02-15,266.37352941176465
Glen Campbell-Los Angeles Open,1981-02-22,255.5969230769229
Bay Hill Classic,1981-03-01,260.9246376811593
American Motors Inverrary Classic,1981-03-08,257.99076923076916
Doral-Eastern Open,1981-03-15,254.49210526315778
Tournament Players Championship,1981-03-22,253.93698630136984
Sea Pines Heritage,1981-03-29,248.96956521739116
Greater Greensboro Open,1981-04-05,263.41486486486485
Masters Tournament,1981-04-12,250.18571428571423
MONY Tournament of Champions,1981-04-19,247.46896551724143
Tallahassee Open,1981-04-19,259.7355932203389
USF&G New Orleans Open,1981-04-26,261.8043478260868
Michelob-Houston Open,1981-05-03,262.3240506329114
Byron Nelson Golf Classic,1981-05-10,249.8260273972601
Colonial National Invitation,1981-05-17,262.282258064516
Memorial Tournament,1981-05-24,257.93194444444435
Kemper Open,1981-05-31,269.9306666666666
Atlanta Classic,1981-06-07,252.9050632911392
Manufacturers Hanover Westchester Classic,1981-06-14,247.6301369863012
U.S. Open Championship,1981-06-21,244.15161290322573
Danny Thomas Memphis Classic,1981-06-28,267.990410958904
Western Open,1981-07-05,267.7554054054054
Greater Milwaukee Open,1981-07-12,262.9887323943661
Quad Cities Open,1981-07-19,270.0207317073169
Anheuser-Busch Golf Classic,1981-07-26,260.4464788732393
Canadian Open,1981-08-02,269.2901408450703
PGA Championship,1981-08-09,253.21944444444432
Sammy Davis Jr.-Greater Hartford Open,1981-08-16,254.53483146067418
Buick Open,1981-08-23,267.6466666666665
World Series of Golf,1981-08-30,271.7142857142858
B.C. Open,1981-09-06,264.8013513513513
Pleasant Valley Jimmy Fund Classic,1981-09-13,254.26805555555543
Lajet Classic,1981-09-20,272.345588235294
Hall Of Fame,1981-09-27,260.4551282051282
Texas Open,1981-10-04,276.83239436619704
Southern Open,1981-10-11,262.15070422535194
Pensacola Open,1981-10-18,257.13333333333316
Joe Garagiola-Tucson Open,1982-01-10,266.6917808219178
Bob Hope Desert Classic,1982-01-17,253.10140845070424
Phoenix Open,1982-01-24,259.2051282051281
Wickes-Andy Williams San Diego Open,1982-01-31,252.3643835616437
Bing Crosby National Pro-Am,1982-02-07,252.46
Hawaiian Open,1982-02-14,245.2561643835616
Glen Campbell-Los Angeles Open,1982-02-21,263.7549295774646
Doral-Eastern Open,1982-02-28,252.38082191780816
Honda Inverrary Classic,1982-03-06,259.92777777777764
Bay Hill Classic,1982-03-07,251.12203389830506
Tournament Players Championship,1982-03-21,263.8974999999999
Sea Pines Heritage,1982-03-28,241.88888888888889
Greater Greensboro Open,1982-04-04,264.42739726027395
Masters Tournament,1982-04-11,249.5658536585366
Tallahassee Open,1982-04-18,267.91458333333327
MONY Tournament of Champions,1982-04-18,248.13225806451615
USF&G Classic,1982-04-25,256.54354838709673
Byron Nelson Golf Classic,1982-05-02,253.61153846153837
Michelob-Houston Open,1982-05-09,262.30571428571426
Colonial National Invitation,1982-05-16,261.44320987654305
Georgia-Pacific Atlanta Golf Classic,1982-05-23,256.8461538461537
Memorial Tournament,1982-05-30,248.60434782608687
Kemper Open,1982-06-06,257.26986301369857
Danny Thomas Memphis Classic,1982-06-13,258.44999999999993
U.S. Open Championship,1982-06-20,249.18437499999996
Manufacturers Hanover Westchester Classic,1982-06-27,240.1521739130434
Western Open,1982-07-04,244.6230769230768
Greater Milwaukee Open,1982-07-11,252.9941176470587
Miller High Life QCO,1982-07-18,258.02916666666664
Anheuser-Busch Golf Classic,1982-07-25,248.91447368421063
Canadian Open,1982-08-01,256.54857142857134
PGA Championship,1982-08-08,275.04594594594585
Sammy Davis Jr.-Greater Hartford Open,1982-08-15,259.74374999999975
Buick Open,1982-08-22,262.61081081081056
World Series of Golf,1982-08-29,270.42105263157896
B.C. Open,1982-09-05,253.72253521126748
Bank of Boston Classic,1982-09-12,256.18082191780815
Hall Of Fame,1982-09-19,250.44347826086948
Southern Open,1982-09-26,265.11566265060236
Texas Open,1982-10-03,276.7511111111109
Lajet Classic,1982-10-10,277.8469135802467
Pensacola Open,1982-10-24,256.845205479452
Walt Disney World Golf Classic,1982-10-31,253.81857142857132
Joe Garagiola-Tucson Open,1983-01-09,270.37125
Glen Campbell-Los Angeles Open,1983-01-16,256.76829268292676
Bob Hope Desert Classic,1983-01-23,254.55000000000004
Phoenix Open,1983-01-30,258.65308641975304
Bing Crosby National Pro-Am,1983-02-06,248.20327868852456
Hawaiian Open,1983-02-13,262.62428571428563
Isuzu-Andy Williams San Diego Open,1983-02-20,254.8424657534245
Doral-Eastern Open,1983-02-27,250.91549295774632
Honda Inverrary Classic,1983-03-06,260.8549999999999
Bay Hill Classic,1983-03-13,257.86621621621606
USF&G Classic,1983-03-20,259.9243243243242
Tournament Players Championship,1983-03-27,254.6560606060606
Greater Greensboro Open,1983-04-03,246.75
Masters Tournament,1983-04-11,253.76530612244886
Sea Pines Heritage,1983-04-17,247.3459459459457
MONY Tournament of Champions,1983-04-24,248.22142857142862
Byron Nelson Golf Classic,1983-05-01,270.12297297297283
Houston Coca-Cola Open,1983-05-08,257.1
Colonial National Invitation,1983-05-15,260.73835616438345
Georgia-Pacific Atlanta Golf Classic,1983-05-22,247.3347826086957
Memorial Tournament,1983-05-29,250.60428571428565
Kemper Open,1983-06-05,266.0160493827159
Manufacturers Hanover Westchester Classic,1983-06-12,249.87530864197518
U.S. Open Championship,1983-06-16,269.40428571428566
Danny Thomas Memphis Classic,1983-06-26,260.7774647887323
Western Open,1983-07-03,256.7969696969696
Greater Milwaukee Open,1983-07-10,264.65584415584414
Miller High Life QCO,1983-07-17,271.10256410256403
Anheuser-Busch Golf Classic,1983-07-24,266.14383561643837
Canadian Open,1983-07-31,262.7299999999999
PGA Championship,1983-08-07,257.8540229885057
Buick Open,1983-08-14,255.06849315068487
Sammy Davis Jr.-Greater Hartford Open,1983-08-21,254.80285714285705
World Series of Golf,1983-08-28,262.2682926829268
B.C. Open,1983-09-04,261.09493670886064
Bank of Boston Classic,1983-09-11,266.27560975609754
Panasonic Las Vegas Pro Celebrity Classic,1983-09-18,266.925
Lajet Coors Classic,1983-09-25,266.5358974358973
Texas Open,1983-10-02,276.2835616438354
Southern Open,1983-10-09,275.85942028985505
Walt Disney World Golf Classic,1983-10-23,250.57374999999985
Pensacola Open,1983-10-30,250.2056338028169
Bob Hope Classic,1984-01-15,245.961038961039
Phoenix Open,1984-01-22,269.8305555555554
Isuzu-Andy Williams San Diego Open,1984-01-29,273.6644736842104
Bing Crosby National Pro-Am,1984-02-05,256.5737704918032
Hawaiian Open,1984-02-12,263.9892857142857
Los Angeles Open,1984-02-19,251.3999999999999
Honda Classic,1984-03-04,255.2829268292682
Doral-Eastern Open,1984-03-11,256.0013513513514
Bay Hill Classic,1984-03-18,255.41369863013685
USF&G Classic,1984-03-25,256.7399999999999
Tournament Players Championship,1984-04-01,251.78309859154922
Greater Greensboro Open,1984-04-08,253.49315068493135
Masters Tournament,1984-04-15,248.44468085106382
Sea Pines Heritage,1984-04-22,249.4698795180721
Houston Coca-Cola Open,1984-04-29,258.1256756756755
MONY Tournament of Champions,1984-05-06,254.82571428571433
Byron Nelson Golf Classic,1984-05-13,270.53947368421035
Colonial National Invitation,1984-05-20,263.17499999999984
Memorial Tournament,1984-05-27,247.44929577464785
Kemper Open,1984-06-03,279.73589743589736
Manufacturers Hanover Westchester Classic,1984-06-10,247.62602739726017
U.S. Open Championship,1984-06-17,255.81746031746033
Georgia-Pacific Atlanta Golf Classic,1984-06-24,268.1724637681158
Canadian Open,1984-07-01,275.52666666666664
Western Open,1984-07-08,265.01571428571424
Anheuser-Busch Golf Classic,1984-07-15,258.44805194805184
Miller High Life QCO,1984-07-22,267.4971428571428
Sammy Davis Jr.-Greater Hartford Open,1984-07-29,249.75949367088597
Danny Thomas Memphis Classic,1984-08-05,259.6934210526314
Buick Open,1984-08-12,260.07738095238085
PGA Championship,1984-08-19,261.9171428571427
NEC World Series of Golf,1984-08-26,262.4341463414634
B.C. Open,1984-09-02,263.5054794520547
Bank of Boston Classic,1984-09-09,258.18947368421044
Greater Milwaukee Open,1984-09-16,258.3285714285713
Panasonic Las Vegas Invitational,1984-09-23,272.0421052631579
Lajet Golf Classic,1984-09-30,256.0146067415729
Texas Open,1984-10-07,262.5986666666665
Southern Open,1984-10-14,276.8181818181818
Walt Disney World Golf Classic,1984-10-21,257.3488095238093
Pensacola Open,1984-10-28,254.01621621621604
Bob Hope Classic,1985-01-13,255.61466666666675
Phoenix Open,1985-01-20,262.71975308641953
Los Angeles Open,1985-01-27,256.2057142857141
Bing Crosby National Pro-Am,1985-02-03,248.02063492063482
Hawaiian Open,1985-02-10,263.5243902439023
Isuzu-Andy Williams San Diego Open,1985-02-17,267.68243243243234
Doral-Eastern Open,1985-02-24,259.74197530864194
Honda Classic,1985-03-03,255.6154929577464
Hertz Bay Hill Classic,1985-03-10,245.24459459459453
USF&G Classic,1985-03-17,251.3551282051282
Panasonic Las Vegas Invitational,1985-03-24,271.53999999999996
Tournament Players Championship,1985-03-31,264.29729729729735
Greater Greensboro Open,1985-04-07,271.68701298701285
Masters Tournament,1985-04-14,267.74237288135595
Sea Pines Heritage,1985-04-21,244.26986301369854
Houston Open,1985-04-28,263.47432432432424
MONY Tournament of Champions,1985-05-05,251.96923076923088
Byron Nelson Golf Classic,1985-05-12,256.4320512820512
Colonial National Invitation,1985-05-19,269.2902777777777
Memorial Tournament,1985-05-26,260.47638888888883
Kemper Open,1985-06-02,272.25555555555536
Manufacturers Hanover Westchester Classic,1985-06-09,246.25584415584413
U.S. Open Championship,1985-06-16,259.79538461538453
Georgia-Pacific Atlanta Golf Classic,1985-06-23,260.15428571428555
St. Jude Memphis Classic,1985-06-30,266.35731707317063
Canadian Open,1985-07-07,262.4328767123286
Anheuser-Busch Golf Classic,1985-07-14,251.5123287671233
Lite Quad Cities Open,1985-07-21,266.19571428571425
Canon Sammy Davis Jr.-Greater Hartford Open,1985-07-28,259.79999999999995
Western Open,1985-08-04,262.9684210526315
PGA Championship,1985-08-11,290.36533333333324
Buick Open,1985-08-18,263.246987951807
NEC World Series of Golf,1985-08-25,271.070731707317
B.C. Open,1985-09-01,254.60526315789465
Bank of Boston Classic,1985-09-08,258.2658227848101
Greater Milwaukee Open,1985-09-15,256.15833333333325
Southwest Golf Classic,1985-09-22,263.7444444444444
Texas Open,1985-09-29,263.3263157894736
Southern Open,1985-10-06,256.79189189189185
Walt Disney World/Oldsmobile Classic,1985-10-13,256.808108108108
Pensacola Open,1985-10-20,260.7657894736841
MONY Tournament of Champions,1986-01-11,253.78387096774196
Bob Hope Chrysler Classic,1986-01-19,257.16901408450707
Phoenix Open,1986-01-26,270.68023255813955
AT&T Pebble Beach National Pro-Am,1986-02-02,247.3267605633802
Shearson Lehman Brothers Andy Williams Open,1986-02-09,257.40941176470585
Hawaiian Open,1986-02-16,266.95285714285717
Los Angeles Open,1986-02-23,261.5931506849314
Honda Classic,1986-03-02,253.47323943661965
Doral-Eastern Open,1986-03-09,255.5597222222222
Hertz Bay Hill Classic,1986-03-16,252.30379746835433
USF&G Classic,1986-03-23,253.16935483870958
Tournament Players Championship,1986-03-30,253.3613333333333
Greater Greensboro Open,1986-04-06,264.8166666666666
Masters Tournament,1986-04-13,259.8229166666666
Sea Pines Heritage,1986-04-20,247.9928571428571
Houston Open,1986-04-27,268.8192307692306
Panasonic Las Vegas Invitational,1986-05-04,277.55925925925936
Byron Nelson Golf Classic,1986-05-11,265.8783132530119
Colonial National Invitation,1986-05-18,268.08266666666657
Memorial Tournament,1986-05-25,260.3999999999998
Kemper Open,1986-06-01,295.9855072463767
Manufacturers Hanover Westchester Classic,1986-06-08,245.13506493506486
U.S. Open Championship,1986-06-15,257.08714285714274
Georgia-Pacific Atlanta Golf Classic,1986-06-22,263.57066666666645
Canadian Open,1986-06-29,274.01216216216216
Canon Sammy Davis Jr.-Greater Hartford Open,1986-07-06,261.8461538461537
Anheuser-Busch Golf Classic,1986-07-13,250.8271428571429
Hardee's Golf Classic,1986-07-20,268.7179487179488
Buick Open,1986-07-27,269.92428571428553
Western Open,1986-08-03,268.4047619047618
PGA Championship,1986-08-10,259.9180555555555
NEC World Series of Golf,1986-08-24,278.0883720930232
Federal Express St. Jude Classic,1986-08-31,261.55199999999985
B.C. Open,1986-09-07,263.7
Bank of Boston Classic,1986-09-14,260.43239436619706
Greater Milwaukee Open,1986-09-21,251.2374999999998
Southwest Golf Classic,1986-09-28,269.36478873239423
Southern Open,1986-10-05,269.1917647058821
Pensacola Open,1986-10-12,264.065882352941
Walt Disney World/Oldsmobile Classic,1986-10-19,255.3828571428571
Vantage Championship,1986-10-26,268.0353846153847
MONY Tournament of Champions,1987-01-10,242.9
Bob Hope Chrysler Classic,1987-01-18,256.6014084507042
Phoenix Open,1987-01-25,270.90526315789464
AT&T Pebble Beach National Pro-Am,1987-02-01,245.4623188405795
Hawaiian Open,1987-02-08,266.5175
Shearson Lehman Brothers Andy Williams Open,1987-02-15,263.9158536585364
Los Angeles Open Presented by Nissan,1987-02-22,262.4792207792207
Doral-Ryder Open,1987-03-01,256.48607594936703
Honda Classic,1987-03-08,254.52337662337658
Hertz Bay Hill Classic,1987-03-15,255.1381578947368
USF&G Classic,1987-03-22,263.9896551724137
Tournament Players Championship,1987-03-29,261.4333333333333
Greater Greensboro Open,1987-04-05,253.45921052631576
Masters Tournament,1987-04-12,259.2851851851851
MCI Heritage Golf Classic,1987-04-19,259.8027027027027
"\"Big \"\"I\"\" Houston Open\"",1987-04-26,264.149315068493
Panasonic Las Vegas Invitational,1987-05-03,277.27142857142843
Byron Nelson Golf Classic,1987-05-10,259.12972972972955
Colonial National Invitation,1987-05-17,265.7031746031745
Georgia-Pacific Atlanta Golf Classic,1987-05-24,256.204109589041
Memorial Tournament,1987-05-31,252.80389610389608
Kemper Open,1987-06-05,267.86052631578934
Manufacturers Hanover Westchester Classic,1987-06-14,257.4287671232877
U.S. Open Championship,1987-06-21,257.73896103896095
Canon Sammy Davis Jr.-Greater Hartford Open,1987-06-28,265.71647058823515
Canadian Open,1987-07-05,264.6714285714284
Anheuser-Busch Golf Classic,1987-07-12,276.9133333333333
Hardee's Golf Classic,1987-07-19,275.3480519480518
Buick Open,1987-07-26,263.3414285714285
Federal Express St. Jude Classic,1987-08-02,263.06363636363636
PGA Championship,1987-08-09,258.7520547945205
Beatrice Western Open,1987-08-23,265.324
NEC World Series of Golf,1987-08-30,264.2
Provident Classic,1987-08-30,281.16486486486474
B.C. Open,1987-09-06,272.8211267605633
Bank of Boston Classic,1987-09-13,263.53902439024387
Greater Milwaukee Open,1987-09-20,255.51547619047597
Southwest Golf Classic,1987-09-27,272.69629629629605
Southern Open,1987-10-04,272.8759493670885
Pensacola Open,1987-10-11,257.53116883116866
Walt Disney World/Oldsmobile Classic,1987-10-18,257.98589743589736
Seiko Tucson Open,1987-10-25,272.91707317073167
Centel Classic,1987-11-01,263.4028571428571
Nabisco Championship,1987-11-01,271.2633333333334
MONY Tournament of Champions,1988-01-17,248.39210526315787
Bob Hope Chrysler Classic,1988-01-24,259.7042857142857
Phoenix Open,1988-01-31,276.0608695652173
AT&T Pebble Beach National Pro-Am,1988-02-07,259.2507936507935
Hawaiian Open,1988-02-14,265.45352112676045
Shearson Lehman Hutton Andy Williams Open,1988-02-21,272.3577464788731
Los Angeles Open Presented by Nissan,1988-02-28,257.94000000000005
Doral-Ryder Open,1988-03-06,259.10999999999984
Honda Classic,1988-03-13,254.84729729729722
Hertz Bay Hill Classic,1988-03-20,251.20416666666657
THE PLAYERS Championship,1988-03-27,267.69014084507035
KMart Greater Greensboro Open,1988-04-03,263.2851851851852
Masters Tournament,1988-04-10,263.0217391304348
MCI Heritage Golf Classic,1988-04-17,253.05945945945942
USF&G Classic,1988-04-24,266.1638888888888
Independent Insurance Agent Open,1988-05-01,256.3281690140845
Panasonic Las Vegas Invitational,1988-05-08,278.6347222222221
GTE Byron Nelson Golf Classic,1988-05-15,272.9868421052631
Colonial National Invitation,1988-05-22,263.37432432432416
Memorial Tournament,1988-05-29,255.1849315068492
Kemper Open,1988-06-05,273.861038961039
Manufacturers Hanover Westchester Classic,1988-06-12,259.354054054054
U.S. Open Championship,1988-06-19,268.3630769230769
Georgia-Pacific Atlanta Golf Classic,1988-06-26,252.52253521126752
Beatrice Western Open,1988-07-03,264.6546511627905
Anheuser-Busch Golf Classic,1988-07-10,248.71973684210508
Hardee's Golf Classic,1988-07-17,262.07530864197514
Canon Sammy Davis Jr.-Greater Hartford Open,1988-07-24,253.8694444444444
Buick Open,1988-07-31,255.48767123287675
Federal Express St. Jude Classic,1988-08-07,263.78428571428566
PGA Championship,1988-08-14,265.7957746478873
NEC World Series of Golf,1988-08-28,271.0536585365853
Provident Classic,1988-08-28,275.30958904109565
Canadian Open,1988-09-04,260.5057142857141
Greater Milwaukee Open,1988-09-11,268.71685393258406
Bank of Boston Classic,1988-09-18,261.2680555555555
B.C. Open,1988-09-25,260.7743589743589
Southern Open,1988-10-02,283.3474999999998
Gatlin Brothers-Southwest Golf Classic,1988-10-09,272.5094594594593
Texas Open,1988-10-16,276.1521126760563
Pensacola Open,1988-10-23,261.67974683544287
Walt Disney World/Oldsmobile Classic,1988-10-30,261.63648648648655
Northern Telecom Tucson Open,1988-11-06,275.82948717948705
Nabisco Championship,1988-11-13,256.0866666666667
Centel Classic,1988-11-13,269.37123287671216
MONY Tournament of Champions,1989-01-08,243.40312500000005
Bob Hope Chrysler Classic,1989-01-15,255.22799999999998
Phoenix Open,1989-01-22,275.74761904761885
AT&T Pebble Beach National Pro-Am,1989-01-29,252.1865671641791
Nissan Los Angeles Open,1989-02-05,244.86410256410252
Hawaiian Open,1989-02-12,256.1098765432099
Shearson Lehman Hutton Open,1989-02-19,262.63199999999983
Doral-Ryder Open,1989-02-26,256.47571428571416
Honda Classic,1989-03-05,262.01780821917805
Nestle Invitational,1989-03-12,253.52499999999995
THE PLAYERS Championship,1989-03-19,271.73648648648646
USF&G Classic,1989-03-26,264.1116883116883
Independent Insurance Agent Open,1989-04-02,255.78831168831155
Masters Tournament,1989-04-09,248.76730769230764
Deposit Guaranty Golf Classic,1989-04-09,252.8783783783784
MCI Heritage Golf Classic,1989-04-16,248.26575342465745
KMart Greater Greensboro Open,1989-04-23,265.60843373493964
Las Vegas Invitational,1989-04-30,276.7397260273972
GTE Byron Nelson Golf Classic,1989-05-07,258.56388888888875
Memorial Tournament,1989-05-14,241.5362318840579
Southwestern Bell Colonial,1989-05-21,265.6464788732393
BellSouth Atlanta Golf Classic,1989-05-28,261.868115942029
Kemper Open,1989-06-04,286.8307692307691
Manufacturers Hanover Westchester Classic,1989-06-11,252.8085714285713
U.S. Open Championship,1989-06-18,257.82253521126756
Canadian Open,1989-06-25,252.60843373493972
Beatrice Western Open,1989-07-02,262.68658536585343
Canon Greater Hartford Open,1989-07-09,271.5453333333332
Anheuser-Busch Golf Classic,1989-07-16,256.9705128205127
Hardee's Golf Classic,1989-07-23,263.7565217391304
Buick Open,1989-07-30,261.5093333333333
Federal Express St. Jude Classic,1989-08-06,278.4093333333334
PGA Championship,1989-08-13,261.7442857142857
Chattanooga Classic,1989-08-27,272.4590361445782
NEC World Series of Golf,1989-08-27,280.9318181818182
Greater Milwaukee Open,1989-09-03,256.23098591549285
B.C. Open,1989-09-10,287.71081081081076
Bank of Boston Classic,1989-09-17,252.71923076923076
Southern Open,1989-09-24,274.6447368421052
Centel Classic,1989-10-01,259.22926829268295
Texas Open,1989-10-08,270.9839999999999
Walt Disney World/Oldsmobile Classic,1989-10-21,258.92073170731703
Nabisco Championship,1989-10-29,257.6466666666667
MONY Tournament of Champions,1990-01-07,252.88387096774198
Northern Telecom Tucson Open,1990-01-14,262.12025316455663
Bob Hope Chrysler Classic,1990-01-21,249.84657534246574
Phoenix Open,1990-01-28,266.7621951219512
AT&T Pebble Beach National Pro-Am,1990-02-04,240.7564516129032
Hawaiian Open,1990-02-11,262.4753086419752
Shearson Lehman Hutton Open,1990-02-18,265.82068965517215
Nissan Los Angeles Open,1990-02-25,260.52207792207776
Doral-Ryder Open,1990-03-04,258.2545454545454
Honda Classic,1990-03-11,258.24125
THE PLAYERS Championship,1990-03-18,279.61805555555543
Nestle Invitational,1990-03-25,259.71599999999984
Independent Insurance Agent Open,1990-04-01,255.99249999999992
Deposit Guaranty Golf Classic,1990-04-08,257.68333333333334
Masters Tournament,1990-04-08,261.94897959183663
MCI Heritage Golf Classic,1990-04-15,255.04166666666646
KMart Greater Greensboro Open,1990-04-22,256.68873239436624
USF&G Classic,1990-04-29,257.54444444444425
GTE Byron Nelson Golf Classic,1990-05-06,264.6804878048781
Memorial Tournament,1990-05-13,248.55205479452053
Southwestern Bell Colonial,1990-05-20,282.13376623376615
BellSouth Atlanta Golf Classic,1990-05-27,267.10119047619054
Kemper Open,1990-06-03,273.2619718309857
Centel Western Open,1990-06-10,259.6717647058822
U.S. Open Championship,1990-06-17,253.13823529411752
Buick Classic,1990-06-24,257.9643678160919
Canon Greater Hartford Open,1990-07-01,262.83513513513503
Anheuser-Busch Golf Classic,1990-07-08,254.17763157894728
Bank of Boston Classic,1990-07-15,254.77808219178075
Buick Open,1990-07-29,270.32702702702693
Federal Express St. Jude Classic,1990-08-05,269.8999999999999
PGA Championship,1990-08-12,256.86351351351345
Chattanooga Classic,1990-08-26,280.2945205479451
NEC World Series of Golf,1990-08-26,271.5851063829788
Greater Milwaukee Open,1990-09-01,263.23194444444437
Hardee's Golf Classic,1990-09-09,273.6645569620252
Canadian Open,1990-09-16,266.8411764705881
B.C. Open,1990-09-23,262.3539473684209
Buick Southern Open,1990-09-30,290.6607594936707
H.E.B. Texas Open,1990-10-07,277.38285714285695
Las Vegas Invitational,1990-10-14,271.3117647058824
Walt Disney World/Oldsmobile Classic,1990-10-20,262.27624999999983
Nabisco Championship,1990-10-28,259.2766666666667
Infiniti Tournament of Champions,1991-01-06,251.458064516129
Northern Telecom Open,1991-01-13,260.07972972972965
United Hawaiian Open,1991-01-20,263.07283950617284
Phoenix Open,1991-01-27,274.23249999999996
AT&T Pebble Beach National Pro-Am,1991-02-03,244.84687499999987
Bob Hope Chrysler Classic,1991-02-10,266.8623376623377
Shearson Lehman Brothers Open,1991-02-17,264.84366197183084
Nissan Los Angeles Open,1991-02-24,251.95540540540526
Doral-Ryder Open,1991-03-03,249.03421052631577
Honda Classic,1991-03-10,271.1359999999999
Nestle Invitational,1991-03-17,249.52162162162165
USF&G Classic,1991-03-24,253.386111111111
THE PLAYERS Championship,1991-03-31,255.45526315789468
Deposit Guaranty Golf Classic,1991-04-14,255.85657894736826
Masters Tournament,1991-04-14,268.7771929824561
MCI Heritage Golf Classic,1991-04-21,245.44266666666658
KMart Greater Greensboro Open,1991-04-28,258.86478873239423
GTE Byron Nelson Golf Classic,1991-05-05,263.9463414634147
BellSouth Atlanta Golf Classic,1991-05-12,257.10985915492944
Memorial Tournament,1991-05-19,262.5435897435897
Southwestern Bell Colonial,1991-05-26,259.3786666666665
Kemper Open,1991-06-02,289.82531645569617
Buick Classic,1991-06-09,258.46571428571417
U.S. Open Championship,1991-06-16,257.5230769230768
Anheuser-Busch Golf Classic,1991-06-23,249.18375
Federal Express St. Jude Classic,1991-06-30,266.2391891891891
Centel Western Open,1991-07-07,259.2951219512194
New England Classic,1991-07-14,261.7958904109588
Chattanooga Classic,1991-07-21,267.4914285714284
Canon Greater Hartford Open,1991-07-28,248.24459459459453
Buick Open,1991-08-04,266.82027027027016
PGA Championship,1991-08-11,263.07792207792187
NEC World Series of Golf,1991-08-25,283.06249999999994
Greater Milwaukee Open,1991-09-01,271.1265822784809
Canadian Open,1991-09-08,268.64
Hardee's Golf Classic,1991-09-15,270.53809523809514
B.C. Open,1991-09-22,264.1064935064935
Buick Southern Open,1991-09-29,254.77183098591544
H.E.B. Texas Open,1991-10-06,278.6820512820513
Las Vegas Invitational,1991-10-13,270.1346666666668
Walt Disney World/Oldsmobile Classic,1991-10-16,260.85124999999994
Independent Insurance Agent Open,1991-10-27,253.79999999999987
THE TOUR Championship,1991-11-03,269.63666666666677
Infiniti Tournament of Champions,1992-01-12,249.85312500000006
Bob Hope Chrysler Classic,1992-01-19,264.1123287671233
Phoenix Open,1992-01-26,277.78227848101244
AT&T Pebble Beach National Pro-Am,1992-02-02,245.94411764705873
United Airlines Hawaiian Open,1992-02-06,272.63164556962016
Northern Telecom Open,1992-02-16,265.8249999999999
Buick Invitational of California,1992-02-23,260.1635135135136
Nissan Los Angeles Open,1992-03-01,264.23589743589736
Doral-Ryder Open,1992-03-08,265.71234567901223
Honda Classic,1992-03-15,248.40675675675664
Nestle Invitational,1992-03-22,255.09113924050624
THE PLAYERS Championship,1992-03-29,257.4082191780821
Freeport-McMoRan Golf Classic,1992-04-05,264.21282051282026
Deposit Guaranty Golf Classic,1992-04-12,259.31749999999977
Masters Tournament,1992-04-12,267.44920634920635
MCI Heritage Golf Classic,1992-04-19,252.02297297297284
KMart Greater Greensboro Open,1992-04-26,263.00547945205483
Shell Houston Open,1992-05-03,262.5787499999999
BellSouth Classic,1992-05-10,247.3679012345678
GTE Byron Nelson Golf Classic,1992-05-17,255.21081081081084
Southwestern Bell Colonial,1992-05-24,261.2571428571428
Kemper Open,1992-05-31,257.3563380281689
Memorial Tournament,1992-06-07,251.3710526315788
Federal Express St. Jude Classic,1992-06-14,260.3435897435896
U.S. Open Championship,1992-06-21,264.24848484848474
Buick Classic,1992-06-28,255.173611111111
Centel Western Open,1992-07-05,257.36883116883104
Anheuser-Busch Golf Classic,1992-07-12,274.8095890410959
Chattanooga Classic,1992-07-19,275.2144736842103
New England Classic,1992-07-26,260.0493506493506
Canon Greater Hartford Open,1992-08-02,255.0594936708861
Buick Open,1992-08-09,258.6925
PGA Championship,1992-08-16,273.5729411764706
NEC World Series of Golf,1992-08-30,275.7822222222221
Greater Milwaukee Open,1992-09-06,265.33611111111105
Canadian Open,1992-09-13,256.02916666666664
Hardee's Golf Classic,1992-09-20,259.98904109589034
B.C. Open,1992-09-27,254.68243243243228
Buick Southern Open,1992-10-04,256.33918918918914
Las Vegas Invitational,1992-10-11,270.08309859154934
Walt Disney World/Oldsmobile Classic,1992-10-18,257.98767123287655
H.E.B. Texas Open,1992-10-25,284.7257142857141
THE TOUR Championship,1992-11-01,260.7466666666667
Infiniti Tournament of Champions,1993-01-10,241.16999999999996
United Airlines Hawaiian Open,1993-01-17,272.84805194805176
Northern Telecom Open,1993-01-24,264.72650602409635
Phoenix Open,1993-01-31,283.257894736842
AT&T Pebble Beach National Pro-Am,1993-02-07,244.34057971014494
Bob Hope Chrysler Classic,1993-02-14,264.2171052631579
Buick Invitational of California,1993-02-21,252.36333333333326
Nissan Los Angeles Open,1993-02-28,249.0063291139241
Doral-Ryder Open,1993-03-07,265.5552631578947
Honda Classic,1993-03-14,251.65324675324675
Nestle Invitational,1993-03-21,254.71466666666655
THE PLAYERS Championship,1993-03-28,251.47571428571428
Freeport-McMoRan Golf Classic,1993-04-04,259.301282051282
Deposit Guaranty Golf Classic,1993-04-11,240.98243243243235
Masters Tournament,1993-04-11,258.51311475409824
MCI Heritage Golf Classic,1993-04-18,254.89999999999992
KMart Greater Greensboro Open,1993-04-25,267.74642857142857
Shell Houston Open,1993-05-02,253.94615384615378
BellSouth Classic,1993-05-09,269.59493670886064
GTE Byron Nelson Golf Classic,1993-05-16,272.43376623376616
Kemper Open,1993-05-23,258.15540540540536
Southwestern Bell Colonial,1993-05-30,263.2934210526315
Memorial Tournament,1993-06-06,250.93835616438355
Buick Classic,1993-06-13,253.15211267605622
U.S. Open Championship,1993-06-20,273.81704545454545
Canon Greater Hartford Open,1993-06-27,253.2625
Sprint Western Open,1993-07-04,249.16219512195124
Anheuser-Busch Golf Classic,1993-07-11,263.110975609756
New England Classic,1993-07-25,262.6985714285713
Federal Express St. Jude Classic,1993-08-01,269.8480519480518
Buick Open,1993-08-08,264.4037974683544
PGA Championship,1993-08-15,271.0135135135134
NEC World Series of Golf,1993-08-29,287.4567567567568
Greater Milwaukee Open,1993-09-05,260.3304878048779
Canadian Open,1993-09-12,249.12799999999987
Hardee's Golf Classic,1993-09-19,257.74189189189195
B.C. Open,1993-09-26,258.8444444444443
Buick Southern Open,1993-10-03,264.6576470588233
Walt Disney World/Oldsmobile Classic,1993-10-10,258.2890410958903
H.E.B. Texas Open,1993-10-17,281.90769230769223
Las Vegas Invitational,1993-10-24,270.0813333333334
THE TOUR Championship,1993-10-31,257.71000000000004
Mercedes Championships,1994-01-09,258.75
United Airlines Hawaiian Open,1994-01-16,268.54675324675327
Northern Telecom Open,1994-01-23,272.1816901408449
Phoenix Open,1994-01-30,269.6054794520547
AT&T Pebble Beach National Pro-Am,1994-02-06,239.2874999999999
Nissan Los Angeles Open,1994-02-13,254.4373333333332
Bob Hope Chrysler Classic,1994-02-20,261.0192307692308
Buick Invitational of California,1994-02-27,258.5762499999999
Doral-Ryder Open,1994-03-06,249.61315789473673
Honda Classic,1994-03-13,261.64938271604933
Nestle Invitational,1994-03-20,263.0337662337662
THE PLAYERS Championship,1994-03-27,253.38235294117635
Freeport-McMoRan Classic,1994-04-03,255.0472222222222
Masters Tournament,1994-04-10,274.09803921568624
MCI Heritage Golf Classic,1994-04-17,254.9093333333333
KMart Greater Greensboro Open,1994-04-24,265.90131578947364
Shell Houston Open,1994-05-01,260.7512499999999
BellSouth Classic,1994-05-08,250.53947368421044
GTE Byron Nelson Golf Classic,1994-05-15,274.23132530120455
Memorial Tournament,1994-05-22,274.87297297297283
Southwestern Bell Colonial,1994-05-29,262.27123287671213
Kemper Open,1994-06-05,262.14868421052614
Buick Classic,1994-06-12,253.96999999999986
U.S. Open Championship,1994-06-19,260.53437499999995
Canon Greater Hartford Open,1994-06-26,252.46142857142846
Motorola Western Open,1994-07-03,271.11529411764695
Anheuser-Busch Golf Classic,1994-07-10,258.8152777777776
Deposit Guaranty Golf Classic,1994-07-17,251.39315068493133
New England Classic,1994-07-24,262.0743243243243
Federal Express St. Jude Classic,1994-07-31,270.1371428571427
Buick Open,1994-08-07,252.2784615384614
PGA Championship,1994-08-14,286.73947368421034
NEC World Series of Golf,1994-08-28,287.0895833333332
Greater Milwaukee Open,1994-09-04,263.92739726027384
Bell Canadian Open,1994-09-11,272.37051282051266
B.C. Open,1994-09-18,267.1279999999999
Hardee's Golf Classic,1994-09-25,254.52394366197174
Buick Southern Open,1994-10-02,267.97045454545446
Walt Disney World/Oldsmobile Classic,1994-10-09,256.1935064935064
Texas Open,1994-10-16,277.8972972972971
Las Vegas Invitational,1994-10-23,268.9093333333334
THE TOUR Championship,1994-10-30,266.55333333333334
Mercedes Championships,1995-01-08,242.84999999999997
United Airlines Hawaiian Open,1995-01-15,267.48717948717945
Northern Telecom Open,1995-01-22,269.0871794871795
Phoenix Open,1995-01-29,264.7814285714284
AT&T Pebble Beach National Pro-Am,1995-02-05,240.47343749999993
Buick Invitational of California,1995-02-12,262.9376470588233
Bob Hope Chrysler Classic,1995-02-19,266.1364864864865
Nissan Open,1995-02-26,269.45949367088593
Doral-Ryder Open,1995-03-05,264.69350649350645
Honda Classic,1995-03-12,252.40120481927693
Nestle Invitational,1995-03-19,261.5626666666665
THE PLAYERS Championship,1995-03-26,263.3095890410958
Freeport-McMoRan Classic,1995-04-02,257.52987012987
Masters Tournament,1995-04-09,275.47872340425533
MCI Classic,1995-04-16,257.34615384615375
KMart Greater Greensboro Open,1995-04-23,265.454794520548
Shell Houston Open,1995-04-30,255.47882352941164
BellSouth Classic,1995-05-07,259.00666666666655
GTE Byron Nelson Golf Classic,1995-05-14,272.0642857142856
Buick Classic,1995-05-21,253.9272727272727
Colonial National Invitation,1995-05-28,268.39142857142843
Memorial Tournament,1995-06-04,248.4921052631578
Kemper Open,1995-06-11,267.50422535211254
U.S. Open Championship,1995-06-18,269.60821917808204
Canon Greater Hartford Open,1995-06-25,260.56025641025644
FedEx St. Jude Classic,1995-07-02,270.3014084507042
Motorola Western Open,1995-07-09,269.27323943661963
Anheuser-Busch Golf Classic,1995-07-16,261.07916666666665
Deposit Guaranty Golf Classic,1995-07-23,261.9066666666665
Ideon Classic at Pleasant Valley,1995-07-30,260.9628205128204
Buick Open,1995-08-06,257.8944444444444
PGA Championship,1995-08-13,271.4416666666666
NEC World Series of Golf,1995-08-27,285.86136363636365
Greater Milwaukee Open,1995-09-03,272.17605633802805
Bell Canadian Open,1995-09-10,266.82716049382697
B.C. Open,1995-09-17,259.404109589041
Quad City Classic,1995-09-24,278.46818181818185
Buick Challenge,1995-10-01,268.76249999999993
Walt Disney World/Oldsmobile Classic,1995-10-08,257.68857142857144
Las Vegas Invitational,1995-10-15,276.55500000000006
LaCantera Texas Open,1995-10-22,281.39250000000004
THE TOUR Championship,1995-10-29,276.30000000000007
Mercedes Championships,1996-01-07,257.4533333333334
Nortel Open,1996-01-14,283.6833333333332
Bob Hope Chrysler Classic,1996-01-21,266.4945945945946
Phoenix Open,1996-01-27,276.47428571428554
Buick Invitational,1996-02-11,259.1116883116882
United Airlines Hawaiian Open,1996-02-18,269.1259740259739
Nissan Open,1996-02-25,251.74266666666657
Doral-Ryder Open,1996-03-03,265.9935064935065
Honda Classic,1996-03-10,259.2461538461536
Bay Hill Invitational,1996-03-17,266.18285714285713
Freeport-McDermott Classic,1996-03-24,263.83333333333314
THE PLAYERS Championship,1996-03-31,261.6636363636363
BellSouth Classic,1996-04-07,260.8444444444443
Masters Tournament,1996-04-14,279.10909090909087
MCI Classic,1996-04-21,253.6384615384614
Greater Greensboro Chrysler Classic,1996-04-28,267.33846153846144
Shell Houston Open,1996-05-05,265.8574999999999
GTE Byron Nelson Golf Classic,1996-05-12,267.9518987341771
MasterCard Colonial,1996-05-19,280.0934210526314
Kemper Open,1996-05-26,247.33999999999992
Memorial Tournament,1996-06-02,256.22435897435895
Buick Classic,1996-06-09,253.77951807228902
U.S. Open Championship,1996-06-16,263.94444444444434
FedEx St. Jude Classic,1996-06-23,276.5763888888887
Canon Greater Hartford Open,1996-06-30,264.63205128205107
Motorola Western Open,1996-07-07,283.88124999999985
Michelob Championship at Kingsmill,1996-07-14,255.53974358974358
Deposit Guaranty Golf Classic,1996-07-21,276.7011904761904
CVS Charity Classic,1996-07-28,261.1349999999999
Buick Open,1996-08-04,266.43409090909086
PGA Championship,1996-08-11,277.0148148148147
NEC World Series of Golf,1996-08-25,277.8642857142856
Greater Vancouver Open,1996-08-25,272.9608108108106
Greater Milwaukee Open,1996-09-01,278.22236842105247
Bell Canadian Open,1996-09-08,262.2077922077922
Quad City Classic,1996-09-15,265.662162162162
B.C. Open,1996-09-22,265.4557142857142
Buick Challenge,1996-09-29,265.5082352941174
Las Vegas Invitational,1996-10-06,285.46582278481014
LaCantera Texas Open,1996-10-13,275.4092105263155
Walt Disney World/Oldsmobile Classic,1996-10-20,255.16447368421044
THE TOUR Championship,1996-10-27,269.17142857142863
Mercedes Championships,1997-01-12,254.57419354838714
Bob Hope Chrysler Classic,1997-01-19,267.4086419753086
Phoenix Open,1997-01-26,268.54383561643834
AT&T Pebble Beach National Pro-Am,1997-02-02,252.53124999999991
Buick Invitational,1997-02-09,267.49743589743576
United Airlines Hawaiian Open,1997-02-16,277.8130434782607
Tucson Chrysler Classic,1997-02-23,282.37866666666656
Nissan Open,1997-03-02,265.32499999999993
Doral-Ryder Open,1997-03-09,267.51917808219173
Honda Classic,1997-03-16,262.1859374999999
Bay Hill Invitational,1997-03-23,262.78904109589035
THE PLAYERS Championship,1997-03-30,251.58266666666663
Freeport-McDermott Classic,1997-04-06,257.6422535211267
Masters Tournament,1997-04-13,277.2391304347826
MCI Classic,1997-04-20,261.6054794520547
Greater Greensboro Chrysler Classic,1997-04-27,251.7239436619718
Shell Houston Open,1997-05-04,260.91126760563367
BellSouth Classic,1997-05-11,294.84749999999985
GTE Byron Nelson Golf Classic,1997-05-18,272.94999999999993
MasterCard Colonial,1997-05-25,280.42054794520544
Memorial Tournament,1997-06-01,249.5175675675675
Kemper Open,1997-06-08,274.57428571428574
U.S. Open Championship,1997-06-15,268.3333333333333
Buick Classic,1997-06-22,261.47682926829253
FedEx St. Jude Classic,1997-06-29,261.66666666666663
Motorola Western Open,1997-07-06,280.2012658227848
Quad City Classic,1997-07-13,272.93636363636364
Deposit Guaranty Golf Classic,1997-07-20,279.7337662337662
Canon Greater Hartford Open,1997-07-27,260.07530864197514
Buick Open,1997-08-10,283.2013513513514
PGA Championship,1997-08-17,269.90389610389605
NEC World Series of Golf,1997-08-24,263.9869565217391
Greater Vancouver Open,1997-08-24,256.4784810126581
Greater Milwaukee Open,1997-08-31,274.16056338028164
Bell Canadian Open,1997-09-07,261.36621621621606
CVS Charity Classic,1997-09-14,267.5621621621621
LaCantera Texas Open,1997-09-21,281.632098765432
B.C. Open,1997-09-28,266.97671232876706
Buick Challenge,1997-10-05,269.9169014084506
Michelob Championship at Kingsmill,1997-10-12,269.8714285714285
Walt Disney World/Oldsmobile Classic,1997-10-19,266.7492957746479
Las Vegas Invitational,1997-10-26,275.6318840579711
THE TOUR Championship,1997-11-02,275.1933333333334
Mercedes Championships,1998-01-11,263.78000000000003
Bob Hope Chrysler Classic,1998-01-18,272.10428571428577
Phoenix Open,1998-01-25,276.9027777777776
AT&T Pebble Beach National Pro-Am,1998-02-01,242.70142857142844
Buick Invitational,1998-02-08,258.2098765432099
United Airlines Hawaiian Open,1998-02-15,278.6544303797467
Tucson Chrysler Classic,1998-02-22,276.568831168831
Nissan Open,1998-03-01,274.02692307692297
Doral-Ryder Open,1998-03-08,263.6986666666668
Honda Classic,1998-03-15,272.83380281690125
Bay Hill Invitational,1998-03-22,265.0018181818181
THE PLAYERS Championship,1998-03-29,275.273611111111
Freeport-McDermott Classic,1998-04-05,259.8949999999999
Masters Tournament,1998-04-12,270.1673913043478
MCI Classic,1998-04-19,250.3321428571428
Greater Greensboro Chrysler Classic,1998-04-26,257.3350649350649
Shell Houston Open,1998-05-03,282.05342465753415
BellSouth Classic,1998-05-10,278.8561643835615
GTE Byron Nelson Golf Classic,1998-05-17,286.10379746835446
MasterCard Colonial,1998-05-24,294.57432432432427
Memorial Tournament,1998-05-31,263.6126760563379
Kemper Open,1998-06-07,272.2960526315788
Buick Classic,1998-06-14,255.49999999999994
U.S. Open Championship,1998-06-21,269.1216666666666
Motorola Western Open,1998-06-28,276.0282051282051
Canon Greater Hartford Open,1998-07-05,268.67763157894734
Quad City Classic,1998-07-12,279.5987951807228
Deposit Guaranty Golf Classic,1998-07-19,272.8972222222222
CVS Charity Classic,1998-07-26,268.87215189873405
FedEx St. Jude Classic,1998-08-02,270.26153846153835
Buick Open,1998-08-09,265.7079999999999
PGA Championship,1998-08-16,266.84799999999984
Greater Vancouver Open,1998-08-30,272.09620253164536
NEC World Series of Golf,1998-08-30,282.5558139534883
Greater Milwaukee Open,1998-09-06,284.3328571428571
Bell Canadian Open,1998-09-13,287.17999999999995
B.C. Open,1998-09-20,279.8380281690141
Westin Texas Open,1998-09-27,283.24124999999987
Buick Challenge,1998-10-04,263.87464788732376
Michelob Championship at Kingsmill,1998-10-11,263.5759999999999
Las Vegas Invitational,1998-10-18,282.60675675675685
National Car Rental Golf Classic/Disney,1998-10-25,259.49999999999994
THE TOUR Championship,1998-11-01,280.7566666666667
Mercedes Championships,1999-01-10,260.71666666666664
Sony Open in Hawaii,1999-01-17,279.63943661971825
Bob Hope Chrysler Classic,1999-01-24,273.3929577464789
Phoenix Open,1999-01-31,280.287323943662
AT&T Pebble Beach National Pro-Am,1999-02-07,245.6742857142858
Buick Invitational,1999-02-14,267.7301369863013
Nissan Open,1999-02-21,270.5792207792207
Touchstone Energy Tucson Open,1999-02-28,282.45925925925917
Doral-Ryder Open,1999-03-07,269.2243902439022
Honda Classic,1999-03-14,282.7951219512195
Bay Hill Invitational,1999-03-21,268.56753246753243
THE PLAYERS Championship,1999-03-28,270.076923076923
BellSouth Classic,1999-04-04,279.136111111111
Masters Tournament,1999-04-11,266.4482142857142
MCI Classic,1999-04-18,262.586111111111
Greater Greensboro Chrysler Classic,1999-04-25,281.69999999999993
Shell Houston Open,1999-05-02,269.58513513513503
COMPAQ Classic of New Orleans,1999-05-09,275.2926829268292
GTE Byron Nelson Classic,1999-05-16,272.2383561643834
MasterCard Colonial,1999-05-23,290.06455696202505
Kemper Open,1999-05-30,273.1813333333333
Memorial Tournament,1999-06-06,273.7386666666665
FedEx St. Jude Classic,1999-06-13,282.2473684210525
U.S. Open Championship,1999-06-20,261.2529411764706
Buick Classic,1999-06-27,267.1524390243901
Motorola Western Open,1999-07-04,274.87236842105256
Greater Milwaukee Open,1999-07-11,276.7126436781608
John Deere Classic,1999-07-25,278.0951219512194
Canon Greater Hartford Open,1999-08-01,273.16301369863
Buick Open,1999-08-08,285.4974358974358
PGA Championship,1999-08-15,274.5904109589041
Reno-Tahoe Open,1999-08-29,292.9551282051281
World Golf Championships-NEC Invitational,1999-08-29,268.2487804878049
Air Canada Championship,1999-09-05,254.71999999999989
Bell Canadian Open,1999-09-12,270.6415584415584
B.C. Open,1999-09-19,272.9151515151514
Westin Texas Open,1999-09-26,284.8575342465752
Buick Challenge,1999-10-03,265.81999999999994
Michelob Championship at Kingsmill,1999-10-10,268.51874999999984
Las Vegas Invitational,1999-10-17,280.3788732394367
National Car Rental Golf Classic/Disney,1999-10-24,258.4290697674417
THE TOUR Championship,1999-10-31,275.96551724137936
Southern Farm Bureau Classic,1999-10-31,267.23970588235284
World Golf Championships-American Express Championship,1999-11-07,264.71147540983605
Mercedes Championships,2000-01-09,245.83666666666664
Sony Open in Hawaii,2000-01-16,271.2581081081081
Bob Hope Chrysler Classic,2000-01-23,275.8623188405797
Phoenix Open,2000-01-30,283.70126582278465
AT&T Pebble Beach National Pro-Am,2000-02-06,250.32666666666654
Buick Invitational,2000-02-13,267.7971830985914
Nissan Open,2000-02-20,264.3746478873239
Touchstone Energy Tucson Open,2000-02-27,277.4833333333332
Doral-Ryder Open,2000-03-05,273.9726027397259
Honda Classic,2000-03-12,275.29605263157885
Bay Hill Invitational,2000-03-19,272.70641025641015
THE PLAYERS Championship,2000-03-26,270.19249999999994
BellSouth Classic,2000-04-02,275.51666666666665
Masters Tournament,2000-04-09,263.41052631578947
MCI Classic,2000-04-16,255.44794520547936
Greater Greensboro Chrysler Classic,2000-04-23,273.85569620253153
Shell Houston Open,2000-04-30,269.8493506493506
COMPAQ Classic of New Orleans,2000-05-07,264.7333333333332
GTE Byron Nelson Classic,2000-05-14,283.34047619047607
MasterCard Colonial,2000-05-21,279.53857142857134
Memorial Tournament,2000-05-28,265.0886075949368
Kemper Insurance Open,2000-06-04,277.90999999999997
Buick Classic,2000-06-11,268.5281690140845
U.S. Open Championship,2000-06-18,272.26666666666665
FedEx St. Jude Classic,2000-06-25,279.0776470588234
Canon Greater Hartford Open,2000-07-02,272.3378048780486
Advil Western Open,2000-07-09,279.8412499999999
Greater Milwaukee Open,2000-07-16,280.7925925925926
B.C. Open,2000-07-23,279.94861111111106
John Deere Classic,2000-07-30,276.60684931506836
Buick Open,2000-08-13,286.89142857142843
PGA Championship,2000-08-20,271.6399999999999
World Golf Championships-NEC Invitational,2000-08-27,287.7324324324324
Reno-Tahoe Open,2000-08-27,291.46233766233763
Air Canada Championship,2000-09-03,265.79885057471256
Bell Canadian Open,2000-09-10,274.85479452054784
SEI Pennsylvania Classic,2000-09-17,265.9249999999999
Westin Texas Open at LaCantera,2000-09-24,286.67012987012964
Buick Challenge,2000-10-01,275.5639999999998
Michelob Championship at Kingsmill,2000-10-08,273.9103896103894
Invensys Classic at Las Vegas,2000-10-15,292.7486486486487
Tampa Bay Classic,2000-10-22,271.81756756756744
National Car Rental Golf Classic Disney,2000-10-29,270.64487179487173
THE TOUR Championship,2000-11-05,280.17241379310343
Southern Farm Bureau Classic,2000-11-05,271.91486486486474
World Golf Championships-American Express Championship,2000-11-12,279.06923076923067
Mercedes Championships,2001-01-14,256.02424242424246
Touchstone Energy Tucson Open,2001-01-14,278.1439024390242
Sony Open in Hawaii,2001-01-21,284.272857142857
Phoenix Open,2001-01-28,280.40985915492945
AT&T Pebble Beach National Pro-Am,2001-02-04,260.41388888888883
Buick Invitational,2001-02-11,275.8670588235293
Bob Hope Chrysler Classic,2001-02-18,279.92266666666666
Nissan Open,2001-02-25,264.1075949367089
Genuity Championship,2001-03-04,283.67468354430366
Honda Classic,2001-03-11,283.112658227848
Bay Hill Invitational,2001-03-18,272.0432432432432
THE PLAYERS Championship,2001-03-25,268.59733333333315
BellSouth Classic,2001-04-01,282.9865384615383
Masters Tournament,2001-04-08,276.6574468085106
WORLDCOM CLASSIC-The Heritage of Golf,2001-04-15,269.98933333333326
Shell Houston Open,2001-04-22,274.3410958904108
Greater Greensboro Chrysler Classic,2001-04-29,280.5240506329113
Compaq Classic of New Orleans,2001-05-06,279.44027777777774
Verizon Byron Nelson Classic,2001-05-13,280.7337349397591
MasterCard Colonial,2001-05-20,295.5140845070423
Kemper Insurance Open,2001-05-27,269.9190476190476
Memorial Tournament,2001-06-03,256.5585714285714
FedEx St. Jude Classic,2001-06-10,277.11571428571426
U.S. Open Championship,2001-06-17,289.03924050632895
Buick Classic,2001-06-24,272.62911392405067
Canon Greater Hartford Open,2001-07-01,288.1164705882352
Advil Western Open,2001-07-08,290.81830985915485
Greater Milwaukee Open,2001-07-15,290.9545454545453
B.C. Open,2001-07-22,294.1670588235293
John Deere Classic,2001-07-29,287.32380952380936
Buick Open,2001-08-12,297.5957746478873
PGA Championship,2001-08-19,291.7293333333333
World Golf Championships-NEC Invitational,2001-08-26,281.18918918918916
Reno-Tahoe Open,2001-08-26,293.1057142857142
Air Canada Championship,2001-09-02,266.8575342465752
Bell Canadian Open,2001-09-09,291.4460526315788
Marconi Pennsylvania Classic,2001-09-23,272.4633802816902
Texas Open at LaCantera,2001-09-30,295.27142857142866
Michelob Championship at Kingsmill,2001-10-07,263.38472222222214
Invensys Classic at Las Vegas,2001-10-14,294.1216216216215
National Car Rental Golf Classic Disney,2001-10-21,285.5154929577464
Buick Challenge,2001-10-28,272.336111111111
THE TOUR Championship,2001-11-04,292.23793103448276
Southern Farm Bureau Classic,2001-11-04,273.4276315789474
Mercedes Championships,2002-01-06,284.590625
Sony Open in Hawaii,2002-01-13,277.7383561643834
Bob Hope Chrysler Classic,2002-01-20,271.39428571428556
Phoenix Open,2002-01-27,296.88714285714275
AT&T Pebble Beach National Pro-Am,2002-02-03,257.95416666666665
Buick Invitational,2002-02-10,283.09325842696603
Nissan Open,2002-02-17,279.82499999999993
Touchstone Energy Tucson Open,2002-02-24,291.81643835616444
Genuity Championship,2002-03-03,270.80602409638544
The Honda Classic,2002-03-10,278.26338028169005
Bay Hill Invitational presented by Cooper Tires,2002-03-17,280.6270270270268
THE PLAYERS Championship,2002-03-24,274.484
Shell Houston Open,2002-03-31,271.9257142857142
BellSouth Classic,2002-04-07,283.6442857142857
Masters Tournament,2002-04-14,277.8933333333334
WORLDCOM CLASSIC-The Heritage of Golf,2002-04-21,273.8520000000001
Greater Greensboro Chrysler Classic,2002-04-28,291.53521126760546
Compaq Classic of New Orleans,2002-05-05,270.71951219512175
Verizon Byron Nelson Classic,2002-05-12,274.5743589743588
MasterCard Colonial,2002-05-19,287.46249999999986
Memorial Tournament,2002-05-26,275.74
Kemper Insurance Open,2002-06-02,288.16710526315774
Buick Classic,2002-06-09,271.2096385542167
U.S. Open Championship,2002-06-16,268.3760563380282
Canon Greater Hartford Open,2002-06-23,280.6723684210524
FedEx St. Jude Classic,2002-06-30,287.99733333333313
Advil Western Open,2002-07-07,278.63720930232546
Greater Milwaukee Open,2002-07-14,289.5732558139534
B.C. Open,2002-07-21,293.71951219512187
John Deere Classic,2002-07-28,282.7525641025642
Buick Open,2002-08-11,294.53414634146316
PGA Championship,2002-08-18,283.52816901408454
Reno-Tahoe Open,2002-08-25,301.39295774647877
World Golf Championships-NEC Invitational,2002-08-25,271.9571428571428
Air Canada Championship,2002-09-01,277.54415584415574
Bell Canadian Open,2002-09-08,302.84756097560967
SEI Pennsylvania Classic,2002-09-15,279.12179487179475
Tampa Bay Classic presented by Buick,2002-09-22,280.9358024691358
World Golf Championships-American Express Championship,2002-09-22,279.43593749999997
Valero Texas Open,2002-09-29,290.33611111111094
Invensys Classic at Las Vegas,2002-10-13,297.5285714285714
Disney Golf Classic,2002-10-20,268.53648648648647
Buick Challenge,2002-10-27,269.036231884058
THE TOUR Championship presented by Coca-Cola,2002-11-03,270.5066666666668
Southern Farm Bureau Classic,2002-11-03,265.696052631579
Mercedes Championships,2003-01-12,279.8416666666667
Sony Open in Hawaii,2003-01-19,286.45974025974016
Phoenix Open,2003-01-26,301.30277777777775
Bob Hope Chrysler Classic,2003-02-02,286.3138888888888
AT&T Pebble Beach National Pro-Am,2003-02-09,277.06818181818187
Buick Invitational,2003-02-16,281.07837837837826
Nissan Open,2003-02-23,290.55405405405384
Chrysler Classic of Tucson,2003-03-02,289.79999999999984
Ford Championship at Doral,2003-03-09,288.8823529411763
The Honda Classic,2003-03-16,274.71428571428555
Bay Hill Invitational presented by Cooper Tires,2003-03-23,271.4721518987342
THE PLAYERS Championship,2003-03-30,272.1070422535211
BellSouth Classic,2003-04-06,298.06447368421044
Masters Tournament,2003-04-13,278.55918367346925
MCI Heritage,2003-04-20,274.5936708860758
Shell Houston Open,2003-04-27,299.9499999999998
HP Classic of New Orleans,2003-05-04,288.9236842105262
Wachovia Championship,2003-05-11,294.18999999999994
EDS Byron Nelson Championship,2003-05-18,288.53625
Bank of America Colonial,2003-05-25,281.30657894736834
the Memorial Tournament,2003-06-01,269.5855072463768
FBR Capital Open,2003-06-08,272.52051282051264
U.S. Open Championship,2003-06-15,291.210294117647
Buick Classic,2003-06-22,264.6041666666665
FedEx St. Jude Classic,2003-06-29,288.31666666666644
100th Western Open presented by Golf Digest,2003-07-06,282.82428571428557
Greater Milwaukee Open,2003-07-13,277.37125
The Open Championship,2003-07-20,297.30547945205467
B.C. Open,2003-07-20,289.5394736842106
Greater Hartford Open,2003-07-27,285.47105263157886
Buick Open,2003-08-03,297.3799999999999
PGA Championship,2003-08-17,282.36857142857144
Reno-Tahoe Open,2003-08-24,304.77402597402585
World Golf Championships-NEC Invitational,2003-08-24,305.2588235294116
Deutsche Bank Championship,2003-09-01,291.9394366197183
Bell Canadian Open,2003-09-07,297.6111111111109
John Deere Classic,2003-09-14,281.7076923076922
84 Lumber Classic of Pennsylvania,2003-09-21,273.84912280701747
Valero Texas Open,2003-09-28,293.0777777777776
World Golf Championships-American Express Championship,2003-10-05,303.3555555555554
Southern Farm Bureau Classic,2003-10-05,291.7183098591548
Las Vegas Invitational,2003-10-12,296.58375
Chrysler Classic of Greensboro,2003-10-19,285.1179775280896
FUNAI Classic at the WALT DISNEY WORLD Resort,2003-10-26,286.6153846153846
Chrysler Championship,2003-11-02,283.7366197183098
THE TOUR Championship presented by Coca-Cola,2003-11-09,284.0193548387097
Mercedes Championships,2004-01-11,279.7300000000001
Sony Open in Hawaii,2004-01-18,283.9924050632911
Bob Hope Chrysler Classic,2004-01-25,281.6645569620253
FBR Open,2004-02-01,294.722857142857
AT&T Pebble Beach National Pro-Am,2004-02-08,262.89705882352933
Buick Invitational,2004-02-15,294.94390243902427
Nissan Open,2004-02-22,279.35128205128194
Chrysler Classic of Tucson,2004-02-29,293.3492957746479
Ford Championship at Doral,2004-03-07,283.24683544303787
The Honda Classic,2004-03-14,282.8835616438356
Bay Hill Invitational Presented by MasterCard,2004-03-21,286.0780821917807
THE PLAYERS Championship,2004-03-28,282.5397590361446
BellSouth Classic,2004-04-04,301.3887323943662
Masters Tournament,2004-04-11,283.76136363636357
MCI Heritage,2004-04-18,275.9708333333333
Shell Houston Open,2004-04-25,293.59154929577454
HP Classic of New Orleans,2004-05-02,277.74487179487164
Wachovia Championship,2004-05-09,293.4986111111109
EDS Byron Nelson Championship,2004-05-16,287.68125
FedEx St. Jude Classic,2004-05-30,299.6851351351351
the Memorial Tournament,2004-06-06,275.52666666666664
Buick Classic,2004-06-13,283.00243902439007
U.S. Open Championship,2004-06-20,296.4075757575756
Booz Allen Classic,2004-06-27,292.7775
Cialis Western Open,2004-07-04,293.9207317073168
John Deere Classic,2004-07-11,286.85466666666656
The Open Championship,2004-07-18,285.1095890410957
B.C. Open,2004-07-18,285.04102564102556
U.S. Bank Championship in Milwaukee,2004-07-25,296.1294117647058
Buick Open,2004-08-01,285.3014084507042
PGA Championship,2004-08-15,294.3958904109589
World Golf Championships-NEC Invitational,2004-08-22,279.9746666666666
Reno-Tahoe Open,2004-08-22,308.91830985915476
Buick Championship,2004-08-29,286.42405063291136
Deutsche Bank Championship,2004-09-06,296.47571428571405
Bell Canadian Open,2004-09-12,282.40769230769223
Valero Texas Open,2004-09-19,299.026923076923
84 LUMBER Classic,2004-09-26,291.5148648648648
World Golf Championships-American Express Championship,2004-10-03,259.4941176470587
Southern Farm Bureau Classic,2004-10-03,291.39428571428556
Michelin Championship at Las Vegas,2004-10-10,298.5874999999999
Chrysler Classic of Greensboro,2004-10-17,287.9285714285712
FUNAI Classic at the WALT DISNEY WORLD Resort,2004-10-24,281.781395348837
Chrysler Championship,2004-10-31,273.6499999999999
THE TOUR Championship presented by Coca-Cola,2004-11-07,283.17241379310343
Mercedes Championships,2005-01-09,276.43870967741935
Sony Open in Hawaii,2005-01-16,280.6615384615383
Buick Invitational,2005-01-23,287.5345679012345
Bob Hope Chrysler Classic,2005-01-30,284.08589743589755
FBR Open,2005-02-06,300.0883116883116
AT&T Pebble Beach National Pro-Am,2005-02-13,264.6171875
Chrysler Classic of Tucson,2005-02-27,293.66857142857134
Ford Championship at Doral,2005-03-06,280.810975609756
The Honda Classic,2005-03-13,277.89999999999986
Bay Hill Invitational Presented by MasterCard,2005-03-20,273.45797101449267
THE PLAYERS Championship,2005-03-27,272.86951219512184
BellSouth Classic,2005-04-03,291.85866666666675
Masters Tournament,2005-04-10,273.1499999999999
MCI Heritage,2005-04-17,274.19199999999995
Shell Houston Open,2005-04-24,294.4461538461538
Zurich Classic of New Orleans,2005-05-01,288.67710843373493
Wachovia Championship,2005-05-08,298.1164556962024
EDS Byron Nelson Championship,2005-05-15,290.9276315789471
Bank of America Colonial,2005-05-22,302.38333333333316
FedEx St. Jude Classic,2005-05-29,295.60135135135124
the Memorial Tournament,2005-06-05,289.16075949367075
Booz Allen Classic,2005-06-12,296.3528571428569
U.S. Open Championship,2005-06-19,293.4493975903614
Barclays Classic,2005-06-26,279.35277777777765
Cialis Western Open,2005-07-03,289.21428571428555
John Deere Classic,2005-07-10,299.0092105263158
The Open Championship,2005-07-17,315.66499999999985
B.C. Open,2005-07-17,288.9974025974025
U.S. Bank Championship in Milwaukee,2005-07-24,282.6289473684209
Buick Open,2005-07-31,291.03924050632895
PGA Championship,2005-08-14,296.4835443037973
Reno-Tahoe Open,2005-08-21,309.5055555555554
World Golf Championships-NEC Invitational,2005-08-21,307.4357142857142
Buick Championship,2005-08-28,289.33246753246755
Deutsche Bank Championship,2005-09-05,296.1467532467531
Bell Canadian Open,2005-09-11,292.77123287671225
84 LUMBER Classic,2005-09-18,298.22465753424643
Valero Texas Open,2005-09-25,302.3878378378377
Chrysler Classic of Greensboro,2005-10-02,288.09220779220766
World Golf Championships-American Express Championship,2005-10-09,294.40724637681154
Michelin Championship at Las Vegas,2005-10-16,300.6817073170731
FUNAI Classic at the WALT DISNEY WORLD Resort,2005-10-23,281.690410958904
Chrysler Championship,2005-10-30,284.59295774647865
Southern Farm Bureau Classic,2005-11-06,286.3013333333333
THE TOUR Championship presented by Coca-Cola,2005-11-06,294.7379310344828
Mercedes Championships,2006-01-08,255.37142857142857
Sony Open in Hawaii,2006-01-15,294.70731707317077
Bob Hope Chrysler Classic,2006-01-22,288.73376623376623
Buick Invitational,2006-01-29,285.08292682926833
FBR Open,2006-02-05,299.012676056338
AT&T Pebble Beach National Pro-Am,2006-02-12,274.8388059701491
Nissan Open,2006-02-19,284.7061728395061
Chrysler Classic of Tucson,2006-02-26,298.0986111111111
Ford Championship at Doral,2006-03-05,289.29166666666646
The Honda Classic,2006-03-12,303.1808219178081
Bay Hill Invitational Presented by MasterCard,2006-03-19,284.70833333333314
THE PLAYERS Championship,2006-03-26,282.85405405405396
BellSouth Classic,2006-04-02,292.3860759493669
Masters Tournament,2006-04-09,283.2404255319149
Verizon Heritage,2006-04-16,275.6763157894737
Shell Houston Open,2006-04-23,289.4024390243902
Zurich Classic of New Orleans,2006-04-30,292.51971830985894
Wachovia Championship,2006-05-07,294.12191780821917
EDS Byron Nelson Championship,2006-05-14,293.1687499999998
Bank of America Colonial,2006-05-21,298.79999999999995
FedEx St. Jude Classic,2006-05-28,294.48648648648646
the Memorial Tournament,2006-06-04,274.56351351351344
Barclays Classic,2006-06-11,275.66785714285703
U.S. Open Championship,2006-06-18,292.4730158730158
Booz Allen Classic,2006-06-25,287.4791666666666
Buick Championship,2006-07-02,277.99863013698626
Cialis Western Open,2006-07-09,293.13132530120464
John Deere Classic,2006-07-16,295.0862500000001
The Open Championship,2006-07-23,296.59014084507027
B.C. Open presented by Turning Stone Resort,2006-07-23,292.55833333333317
U.S. Bank Championship in Milwaukee,2006-07-30,299.5999999999998
Buick Open,2006-08-06,285.9822784810127
PGA Championship,2006-08-20,287.91285714285704
World Golf Championships-Bridgestone Invitational,2006-08-27,307.2263157894735
Reno-Tahoe Open,2006-08-27,311.7948051948051
Deutsche Bank Championship,2006-09-04,279.8149999999998
Canadian Open,2006-09-10,285.8155844155844
84 LUMBER Classic,2006-09-17,281.4679012345678
Valero Texas Open,2006-09-24,302.36923076923074
Southern Farm Bureau Classic,2006-10-01,291.6087499999998
World Golf Championships-American Express Championship,2006-10-01,283.81666666666666
Chrysler Classic of Greensboro,2006-10-08,276.24736842105256
Frys.com Open,2006-10-15,297.79999999999984
FUNAI Classic at the WALT DISNEY WORLD Resort,2006-10-22,301.6783783783783
Chrysler Championship,2006-10-29,277.40857142857135
THE TOUR Championship presented by Coca-Cola,2006-11-05,283.2148148148148
Mercedes-Benz Championship,2007-01-07,255.19090909090906
Sony Open in Hawaii,2007-01-14,295.1694444444443
Bob Hope Chrysler Classic,2007-01-21,284.78552631578947
Buick Invitational,2007-01-28,292.0712328767122
FBR Open,2007-02-04,289.69589041095867
AT&T Pebble Beach National Pro-Am,2007-02-11,269.1516666666666
Nissan Open,2007-02-18,292.6481012658227
The Honda Classic,2007-03-04,291.2986301369862
PODS Championship,2007-03-11,276.4710526315788
Arnold Palmer Invitational presented by MasterCard,2007-03-18,277.6217948717948
World Golf Championships-CA Championship,2007-03-25,274.10833333333323
Shell Houston Open,2007-04-01,288.37179487179475
Masters Tournament,2007-04-08,275.2233333333332
Verizon Heritage,2007-04-15,274.6914285714284
Zurich Classic of New Orleans,2007-04-22,279.37764705882336
EDS Byron Nelson Championship,2007-04-29,287.77808219178075
Wachovia Championship,2007-05-06,295.7190476190476
THE PLAYERS Championship,2007-05-13,287.039240506329
AT&T Classic,2007-05-20,302.9901408450705
Crowne Plaza Invitational at Colonial,2007-05-27,282.9442857142857
the Memorial Tournament presented by Morgan Stanley,2007-06-03,290.08873239436616
Stanford St. Jude Championship,2007-06-10,293.44624999999996
U.S. Open Championship,2007-06-17,292.5333333333333
Travelers Championship,2007-06-24,288.9455696202532
Buick Open,2007-07-01,296.03766233766214
AT&T National,2007-07-08,299.3783783783782
John Deere Classic,2007-07-15,296.9986111111109
U.S. Bank Championship in Milwaukee,2007-07-22,299.23380281690135
The Open Championship,2007-07-22,283.8914285714283
Canadian Open presented by Franklin Templeton Investments,2007-07-29,301.7807692307692
World Golf Championships-Bridgestone Invitational,2007-08-05,307.69634146341446
Reno-Tahoe Open,2007-08-05,308.9179487179486
PGA Championship,2007-08-12,303.7999999999999
Wyndham Championship,2007-08-19,293.1116279069767
The Barclays,2007-08-26,276.97333333333324
Deutsche Bank Championship,2007-09-03,295.2093333333333
BMW Championship,2007-09-09,287.90923076923065
THE TOUR Championship presented by Coca-Cola,2007-09-16,286.5100000000001
Turning Stone Resort Championship,2007-09-23,295.39999999999986
Viking Classic,2007-09-30,289.28732394366193
Valero Texas Open,2007-10-07,298.5512820512817
Frys.com Open benefiting Shriners Hospitals for Children,2007-10-14,305.70240963855406
Fry's Electronics Open,2007-10-21,296.4027027027026
Ginn sur Mer Classic at Tesoro,2007-10-28,267.1041666666667
Children's Miracle Network Classic presented by Wal-Mart,2007-11-04,271.4943181818181
Mercedes-Benz Championship,2008-01-06,255.78387096774196
Sony Open in Hawaii,2008-01-13,295.4117647058822
Bob Hope Chrysler Classic,2008-01-20,291.475
Buick Invitational,2008-01-27,277.94999999999993
FBR Open,2008-02-03,293.24347826086955
AT&T Pebble Beach National Pro-Am,2008-02-10,267.8816666666666
Northern Trust Open,2008-02-17,290.5461538461538
The Honda Classic,2008-03-02,280.99999999999983
PODS Championship,2008-03-09,270.5056338028167
Arnold Palmer Invitational presented by MasterCard,2008-03-16,281.3521126760563
World Golf Championships-CA Championship,2008-03-23,287.9493506493507
Zurich Classic of New Orleans,2008-03-30,278.46874999999994
Shell Houston Open,2008-04-06,289.8666666666666
Masters Tournament,2008-04-13,277.491111111111
Verizon Heritage,2008-04-20,275.6797297297295
EDS Byron Nelson Championship,2008-04-27,285.8855263157893
Wachovia Championship,2008-05-04,296.76666666666665
THE PLAYERS Championship,2008-05-11,284.46081081081076
AT&T Classic,2008-05-18,283.3289473684208
Crowne Plaza Invitational at Colonial,2008-05-25,299.93013698630114
the Memorial Tournament presented by Morgan Stanley,2008-06-01,280.3184210526315
Stanford St. Jude Championship,2008-06-08,294.2643835616438
U.S. Open Championship,2008-06-15,292.8025316455695
Travelers Championship,2008-06-22,281.0708333333332
Buick Open,2008-06-29,296.2706666666665
AT&T National,2008-07-06,292.48028169014077
John Deere Classic,2008-07-13,287.7631578947368
U.S. Bank Championship in Milwaukee,2008-07-20,293.60129870129845
The Open Championship,2008-07-20,291.47590361445776
RBC Canadian Open,2008-07-27,282.4267605633803
World Golf Championships-Bridgestone Invitational,2008-08-03,296.07999999999987
Legends Reno-Tahoe Open,2008-08-03,311.9295774647886
PGA Championship,2008-08-10,294.4917808219177
Wyndham Championship,2008-08-17,302.8641025641023
The Barclays,2008-08-24,279.6819444444443
Deutsche Bank Championship,2008-09-01,293.52083333333326
BMW Championship,2008-09-07,291.225
Viking Classic,2008-09-21,285.21794871794856
THE TOUR Championship presented by Coca-Cola,2008-09-28,293.32000000000005
Turning Stone Resort Championship,2008-10-05,273.2859154929577
Valero Texas Open,2008-10-12,303.0746666666665
Justin Timberlake Shriners Hospitals for Children Open,2008-10-19,310.0394366197182
Frys.com Open,2008-10-26,292.3802816901407
Ginn sur Mer Classic,2008-11-02,279.2671232876711
Children's Miracle Network Classic presented by Wal-Mart,2008-11-09,280.0142857142856
Mercedes-Benz Championship,2009-01-11,278.6272727272727
Sony Open in Hawaii,2009-01-18,284.41923076923064
The 50th Bob Hope Classic hosted by Arnold Palmer,2009-01-25,293.618918918919
FBR Open,2009-02-01,301.2830985915491
Buick Invitational,2009-02-08,279.9408450704224
Northern Trust Open,2009-02-22,286.04189189189185
The Honda Classic,2009-03-08,289.1763888888888
World Golf Championships-CA Championship,2009-03-15,290.19367088607595
Transitions Championship,2009-03-22,280.358904109589
Arnold Palmer Invitational presented by MasterCard,2009-03-29,280.19041095890395
Shell Houston Open,2009-04-05,295.74358974358967
Masters Tournament,2009-04-12,279.96
Verizon Heritage,2009-04-19,272.3102564102564
Zurich Classic of New Orleans,2009-04-26,286.86111111111103
Quail Hollow Championship,2009-05-03,301.1878378378377
THE PLAYERS Championship,2009-05-10,287.53428571428566
Valero Texas Open,2009-05-17,297.3946666666665
HP Byron Nelson Championship,2009-05-24,297.6445945945945
Crowne Plaza Invitational at Colonial,2009-05-31,293.7364864864863
the Memorial Tournament,2009-06-07,284.49610389610393
St. Jude Classic presented by FedEx,2009-06-14,287.57499999999965
U.S. Open Championship,2009-06-21,276.0866666666667
Travelers Championship,2009-06-28,281.875
AT&T National,2009-07-05,296.33947368421036
John Deere Classic,2009-07-12,289.6276923076923
U.S. Bank Championship in Milwaukee,2009-07-19,296.9249999999999
The Open Championship,2009-07-19,289.5369863013697
RBC Canadian Open,2009-07-26,278.56349206349194
Buick Open,2009-08-02,300.69166666666655
Legends Reno-Tahoe Open,2009-08-02,300.69166666666655
World Golf Championships-Bridgestone Invitational,2009-08-09,307.02405063291127
PGA Championship,2009-08-16,291.0544303797469
Wyndham Championship,2009-08-23,293.50714285714264
The Barclays,2009-08-30,278.0077922077921
Deutsche Bank Championship,2009-09-07,293.64657534246555
BMW Championship,2009-09-13,289.8985294117647
THE TOUR Championship presented by Coca-Cola,2009-09-27,288.34
Turning Stone Resort Championship,2009-10-04,268.04933333333327
Justin Timberlake Shriners Hospitals for Children Open,2009-10-18,307.8561643835615
Frys.com Open,2009-10-25,290.7896103896102
Children's Miracle Network Classic,2009-11-15,281.7887323943661
SBS Championship,2010-01-10,279.0821428571429
Sony Open in Hawaii,2010-01-17,294.08309859154923
Bob Hope Classic,2010-01-24,277.0202702702703
Farmers Insurance Open,2010-01-31,276.2769230769231
Northern Trust Open,2010-02-07,270.873611111111
AT&T Pebble Beach National Pro-Am,2010-02-14,270.6956521739129
Mayakoba Golf Classic at Riviera Maya-Cancun,2010-02-14,270.7531645569619
Waste Management Phoenix Open,2010-02-28,292.6935897435896
Puerto Rico Open presented by Banco Popular,2010-03-07,282.2445945945945
The Honda Classic,2010-03-07,282.2445945945946
World Golf Championships-CA Championship,2010-03-14,289.58676470588216
Transitions Championship,2010-03-21,270.3112676056336
Arnold Palmer Invitational presented by MasterCard,2010-03-28,283.51066666666657
Shell Houston Open,2010-04-04,292.4083333333333
Masters Tournament,2010-04-11,282.63541666666663
Verizon Heritage,2010-04-18,273.6569444444443
Zurich Classic of New Orleans,2010-04-25,285.72972972972974
Quail Hollow Championship,2010-05-02,296.52727272727265
THE PLAYERS Championship,2010-05-09,285.8478260869565
Valero Texas Open,2010-05-16,287.2444444444443
HP Byron Nelson Championship,2010-05-23,297.93943661971815
Crowne Plaza Invitational at Colonial,2010-05-30,293.5828947368421
the Memorial Tournament presented by Nationwide Insurance,2010-06-06,271.05070422535204
St. Jude Classic presented by Smith & Nephew,2010-06-13,294.11830985915486
U.S. Open Championship,2010-06-20,289.71686746987945
Travelers Championship,2010-06-27,287.98441558441544
AT&T National,2010-07-04,295.81830985915485
John Deere Classic,2010-07-11,292.06486486486483
Reno-Tahoe Open,2010-07-18,309.494366197183
The Open Championship,2010-07-18,309.49436619718296
RBC Canadian Open,2010-07-25,290.18493150684924
Turning Stone Resort Championship,2010-08-01,302.4258823529411
The Greenbrier Classic,2010-08-01,302.36233766233755
World Golf Championships-Bridgestone Invitational,2010-08-08,296.05624999999986
PGA Championship,2010-08-15,287.22957746478875
Wyndham Championship,2010-08-22,292.2833333333333
The Barclays,2010-08-29,276.775
Deutsche Bank Championship,2010-09-06,288.76056338028167
BMW Championship,2010-09-12,293.10142857142847
THE TOUR Championship presented by Coca-Cola,2010-09-26,295.6433333333334
Viking Classic,2010-10-03,304.81285714285696
The McGladrey Classic,2010-10-10,285.7520547945204
Frys.com Open,2010-10-17,283.06388888888864
Justin Timberlake Shriners Hospitals for Children Open,2010-10-24,296.1459459459458
Children's Miracle Network Classic,2010-11-14,284.89324324324315
Hyundai Tournament of Champions,2011-01-09,278.1156250000001
Sony Open in Hawaii,2011-01-16,286.08035714285705
Bob Hope Classic,2011-01-23,289.05616438356157
Farmers Insurance Open,2011-01-30,287.6784810126582
Waste Management Phoenix Open,2011-02-06,301.68648648648644
AT&T Pebble Beach National Pro-Am,2011-02-13,287.03098591549286
Northern Trust Open,2011-02-20,277.66623376623363
Mayakoba Golf Classic at Riviera Maya-Cancun,2011-02-20,277.6662337662337
The Honda Classic,2011-03-06,281.24736842105256
Puerto Rico Open presented by seepuertorico.com,2011-03-06,281.2473684210525
World Golf Championships-Cadillac Championship,2011-03-13,288.21969696969694
Transitions Championship,2011-03-20,279.373611111111
Arnold Palmer Invitational presented by MasterCard,2011-03-27,282.75616438356155
Shell Houston Open,2011-04-03,294.62399999999985
Masters Tournament,2011-04-10,285.2122448979591
Valero Texas Open,2011-04-17,290.42820512820504
The Heritage,2011-04-24,278.5931506849315
Zurich Classic of New Orleans,2011-05-01,290.0718309859154
Wells Fargo Championship,2011-05-08,299.71408450704234
THE PLAYERS Championship,2011-05-15,282.48918918918906
Crowne Plaza Invitational at Colonial,2011-05-22,296.3057142857141
HP Byron Nelson Championship,2011-05-29,298.5202702702701
the Memorial Tournament presented by Nationwide Insurance,2011-06-05,296.11780821917785
FedEx St. Jude Classic,2011-06-12,293.29444444444437
U.S. Open,2011-06-19,297.8277777777778
Travelers Championship,2011-06-26,281.50270270270266
AT&T National,2011-07-03,298.6315789473683
John Deere Classic,2011-07-10,308.60821917808204
The Open Championship,2011-07-17,289.0918918918918
Viking Classic,2011-07-17,289.09189189189186
RBC Canadian Open,2011-07-24,284.6618421052631
The Greenbrier Classic,2011-07-31,306.75599999999986
Reno-Tahoe Open,2011-07-31,306.75599999999986
World Golf Championships-Bridgestone Invitational,2011-08-07,297.9144736842104
PGA Championship,2011-08-14,295.75866666666656
Wyndham Championship,2011-08-21,302.9561643835616
Deutsche Bank Championship,2011-09-05,299.59358974358963
BMW Championship,2011-09-18,295.7768115942028
TOUR Championship by Coca-Cola,2011-09-25,295.29666666666674
Justin Timberlake Shriners Hospitals for Children Open,2011-10-02,306.835135135135
Frys.com Open,2011-10-09,277.1070422535212
The McGladrey Classic,2011-10-16,283.7399999999999
Children's Miracle Network Hospitals Classic,2011-10-23,279.29599999999994
Hyundai Tournament of Champions,2012-01-09,270.38518518518526
Sony Open in Hawaii,2012-01-15,298.44571428571425
Humana Challenge in partnership with the Clinton Foundation,2012-01-22,292.0626666666667
Farmers Insurance Open,2012-01-29,287.9424657534245
Waste Management Phoenix Open,2012-02-05,300.61923076923074
AT&T Pebble Beach National Pro-Am,2012-02-12,283.08382352941163
Northern Trust Open,2012-02-19,290.7473684210524
Mayakoba Golf Classic,2012-02-19,290.74736842105256
The Honda Classic,2012-03-04,281.89868421052614
Puerto Rico Open presented by seepuertorico.com,2012-03-04,281.8986842105262
World Golf Championships-Cadillac Championship,2012-03-11,287.17638888888877
Transitions Championship,2012-03-18,281.79480519480506
Arnold Palmer Invitational presented by MasterCard,2012-03-25,284.1135135135133
Shell Houston Open,2012-04-01,286.32
Masters Tournament,2012-04-08,279.9709677419355
RBC Heritage,2012-04-15,278.3957746478873
Valero Texas Open,2012-04-22,286.3552631578947
Zurich Classic of New Orleans,2012-04-29,291.2985915492955
Wells Fargo Championship,2012-05-06,294.22972972972957
THE PLAYERS Championship,2012-05-13,284.798611111111
HP Byron Nelson Championship,2012-05-20,302.0887323943661
Crowne Plaza Invitational at Colonial,2012-05-27,293.9763888888887
the Memorial Tournament presented by Nationwide Insurance,2012-06-03,279.6070422535212
FedEx St. Jude Classic,2012-06-10,294.5184210526315
U.S. Open,2012-06-17,285.5194444444444
Travelers Championship,2012-06-24,291.19285714285706
AT&T National,2012-07-01,299.0287671232876
The Greenbrier Classic,2012-07-08,305.8473684210524
John Deere Classic,2012-07-15,296.4434210526313
True South Classic,2012-07-22,275.6040540540539
The Open Championship,2012-07-22,275.60405405405396
RBC Canadian Open,2012-07-29,295.00886075949364
Reno-Tahoe Open,2012-07-29,295.00886075949364
World Golf Championships-Bridgestone Invitational,2012-08-05,314.13466666666653
PGA Championship,2012-08-12,284.5958333333333
Wyndham Championship,2012-08-19,298.4626666666667
Deutsche Bank Championship,2012-09-03,292.9038461538461
BMW Championship,2012-09-09,288.4742857142856
TOUR Championship by Coca-Cola,2012-09-23,297.45000000000005
Justin Timberlake Shriners Hospitals for Children Open,2012-10-07,307.19718309859155
Frys.com Open,2012-10-14,284.17777777777764
The McGladrey Classic,2012-10-21,285.3084507042252
Children's Miracle Network Hospitals Classic,2012-11-11,283.4064102564101
Hyundai Tournament of Champions,2013-01-07,254.15666666666667
Sony Open in Hawaii,2013-01-13,297.36756756756745
Humana Challenge in partnership with the Clinton Foundation,2013-01-20,294.88765432098734
Farmers Insurance Open,2013-01-27,283.87790697674404
Waste Management Phoenix Open,2013-02-03,291.09594594594586
AT&T Pebble Beach National Pro-Am,2013-02-10,280.36142857142846
Northern Trust Open,2013-02-17,292.17260273972596
The Honda Classic,2013-03-03,285.596
Puerto Rico Open presented by seepuertorico.com,2013-03-03,285.59600000000006
World Golf Championships-Cadillac Championship,2013-03-10,290.3446153846153
Tampa Bay Championship presented by EverBank,2013-03-17,274.86883116883115
Arnold Palmer Invitational presented by MasterCard,2013-03-24,283.1407894736842
Shell Houston Open,2013-03-31,292.6208333333332
Valero Texas Open,2013-04-07,288.9739726027397
Masters Tournament,2013-04-14,288.6803278688524
RBC Heritage,2013-04-21,278.9914285714285
Zurich Classic of New Orleans,2013-04-28,285.29154929577453
Wells Fargo Championship,2013-05-05,276.23333333333323
THE PLAYERS Championship,2013-05-12,284.6805194805194
HP Byron Nelson Championship,2013-05-19,299.3528571428571
Crowne Plaza Invitational at Colonial,2013-05-26,291.0311688311688
the Memorial Tournament presented by Nationwide Insurance,2013-06-02,282.4506849315068
FedEx St. Jude Classic,2013-06-09,300.1922077922078
U.S. Open,2013-06-16,290.3589041095889
Travelers Championship,2013-06-23,290.15540540540525
AT&T National,2013-06-30,297.0961038961038
The Greenbrier Classic,2013-07-07,295.58428571428567
John Deere Classic,2013-07-14,307.5124999999999
Sanderson Farms Championship,2013-07-21,280.8092105263158
The Open Championship,2013-07-21,280.8092105263158
RBC Canadian Open,2013-07-28,293.23150684931494
Reno-Tahoe Open,2013-07-28,293.4129870129869
World Golf Championships-Bridgestone Invitational,2013-08-04,295.8575342465752
PGA Championship,2013-08-11,277.92799999999994
Wyndham Championship,2013-08-18,289.7054794520547
The Barclays,2013-08-25,293.4364864864864
Deutsche Bank Championship,2013-09-02,287.9986842105263
BMW Championship,2013-09-15,270.6771428571428
TOUR Championship by Coca-Cola,2013-09-22,295.9300000000001
Frys.com Open,2013-10-13,296.4563380281689
Shriners Hospitals for Children Open,2013-10-20,305.9183098591548
The McGladrey Classic,2013-11-10,276.6958904109589
OHL Classic at Mayakoba,2013-11-17,279.00259740259725
Hyundai Tournament of Champions,2014-01-06,272.88000000000005
Sony Open in Hawaii,2014-01-12,294.9211267605634
Humana Challenge in partnership with the Clinton Foundation,2014-01-19,291.7416666666667
Farmers Insurance Open,2014-01-26,285.808219178082
Waste Management Phoenix Open,2014-02-02,302.63636363636357
AT&T Pebble Beach National Pro-Am,2014-02-09,276.44126984126984
Northern Trust Open,2014-02-16,291.82987012987
Puerto Rico Open presented by seepuertorico.com,2014-03-02,286.19610389610375
The Honda Classic,2014-03-02,286.3072463768115
World Golf Championships-Cadillac Championship,2014-03-09,294.13134328358205
Valspar Championship,2014-03-16,273.97866666666664
Arnold Palmer Invitational presented by MasterCard,2014-03-23,287.44605263157877
Valero Texas Open,2014-03-30,287.3873239436618
Shell Houston Open,2014-04-06,293.7552631578947
Masters Tournament,2014-04-13,289.96078431372536
RBC Heritage,2014-04-20,273.2628205128204
Zurich Classic of New Orleans,2014-04-27,291.80945945945945
Wells Fargo Championship,2014-05-04,297.2876712328767
THE PLAYERS Championship,2014-05-11,285.0042253521126
HP Byron Nelson Championship,2014-05-18,297.1256756756756
Crowne Plaza Invitational at Colonial,2014-05-25,295.14666666666653
the Memorial Tournament presented by Nationwide Insurance,2014-06-01,296.2592105263157
FedEx St. Jude Classic,2014-06-08,281.7098591549295
U.S. Open,2014-06-15,288.15970149253724
Travelers Championship,2014-06-22,291.7467532467532
Quicken Loans National,2014-06-29,299.3519999999998
The Greenbrier Classic,2014-07-06,296.3391891891891
John Deere Classic,2014-07-13,294.65584415584397
The Open Championship,2014-07-20,283.23472222222205
RBC Canadian Open,2014-07-27,281.2931506849315
Barracuda Championship,2014-07-27,281.29315068493145
World Golf Championships-Bridgestone Invitational,2014-08-03,299.60972222222216
PGA Championship,2014-08-10,289.7904109589039
Wyndham Championship,2014-08-17,301.93766233766235
The Barclays,2014-08-24,278.58285714285705
Deutsche Bank Championship,2014-09-01,295.39726027397256
BMW Championship,2014-09-07,304.4484848484848
TOUR Championship by Coca-Cola,2014-09-14,293.2172413793104
Frys.com Open,2014-10-12,295.7986486486485
Shriners Hospitals for Children Open,2014-10-19,305.80845070422515
The McGladrey Classic,2014-10-26,286.025352112676
OHL Classic at Mayakoba,2014-11-16,281.32236842105243
Hyundai Tournament of Champions,2015-01-12,272.5454545454546
Sony Open in Hawaii,2015-01-18,296.6357142857142
Humana Challenge in partnership with the Clinton Foundation,2015-01-25,291.4861111111111
Waste Management Phoenix Open,2015-02-01,290.24605263157883
Farmers Insurance Open,2015-02-08,289.3716216216215
AT&T Pebble Beach National Pro-Am,2015-02-15,292.66249999999997
Northern Trust Open,2015-02-22,290.73333333333323
Puerto Rico Open,2015-03-01,282.89718309859137
The Honda Classic,2015-03-01,282.8971830985915
World Golf Championships-Cadillac Championship,2015-03-08,297.78904109589035
Valspar Championship,2015-03-15,272.7211267605632
Arnold Palmer Invitational presented by MasterCard,2015-03-22,289.3072463768116
Valero Texas Open,2015-03-29,288.07866666666655
Shell Houston Open,2015-04-05,288.7929577464787
Masters Tournament,2015-04-12,289.53636363636355
RBC Heritage,2015-04-19,278.45394736842087
Zurich Classic of New Orleans,2015-04-26,282.9633802816901
THE PLAYERS Championship,2015-05-10,286.57599999999985
Wells Fargo Championship,2015-05-17,300.5698630136985
Crowne Plaza Invitational at  Colonial,2015-05-24,278.8736111111111
AT&T Byron Nelson,2015-05-31,288.40138888888885
the Memorial Tournament presented by Nationwide,2015-06-07,290.4408450704224
FedEx St. Jude Classic,2015-06-14,293.7506666666666
U.S. Open,2015-06-21,307.756
Travelers Championship,2015-06-28,287.55694444444435
The Greenbrier Classic,2015-07-05,291.6194805194803
John Deere Classic,2015-07-12,278.05342465753415
Barbasol Championship,2015-07-12,278.05342465753415
The Open Championship,2015-07-19,296.08749999999986
RBC Canadian Open,2015-07-26,300.2
Barracuda Championship,2015-08-02,293.65466666666657
Quicken Loans National,2015-08-02,293.6546666666665
World Golf Championships-Bridgestone Invitational,2015-08-09,317.31038961038945
PGA Championship,2015-08-16,291.6324675324675
Wyndham Championship,2015-08-23,297.4681159420288
The Barclays,2015-08-30,302.4263888888888
Deutsche Bank Championship,2015-09-07,297.2040540540541
BMW Championship,2015-09-20,288.0318840579709
TOUR Championship by Coca-Cola,2015-09-27,284.17500000000007
Frys.com Open,2015-10-18,299.62191780821917
Shriners Hospitals for Children Open,2015-10-25,306.4535211267604
OHL Classic at Mayakoba,2015-11-15,277.5064102564101
The RSM Classic,2015-11-22,280.1405405405405
Hyundai Tournament of Champions,2016-01-10,287.74375
Sony Open in Hawaii,2016-01-17,300.8797297297295
CareerBuilder Challenge in partnership with the Clinton Foundation,2016-01-24,295.5942857142856
Farmers Insurance Open,2016-01-31,292.6816901408449
Waste Management Phoenix Open,2016-02-07,295.6724637681158
AT&T Pebble Beach Pro-Am,2016-02-14,290.44202898550714
Northern Trust Open,2016-02-21,285.54210526315774
The Honda Classic,2016-02-28,291.1999999999998
World Golf Championships-Cadillac Championship,2016-03-06,297.1323076923076
Valspar Championship,2016-03-13,289.39999999999986
Puerto Rico Open at Coco Beach,2016-03-20,288.8394736842104
Arnold Palmer Invitational presented by MasterCard,2016-03-20,288.8394736842104
Shell Houston Open,2016-04-03,292.2788732394365
Masters Tournament,2016-04-10,279.8140350877192
RBC Heritage,2016-04-17,280.2959999999999
Valero Texas Open,2016-04-24,284.91267605633794
Zurich Classic of New Orleans,2016-05-01,285.4085365853659
Wells Fargo Championship,2016-05-08,285.0858974358973
THE PLAYERS Championship,2016-05-15,291.44078947368405
AT&T Byron Nelson,2016-05-22,285.4918918918918
DEAN & DELUCA Invitational,2016-05-29,290.24428571428547
the Memorial Tournament presented by Nationwide,2016-06-05,290.0453333333333
FedEx St. Jude Classic,2016-06-12,290.99315068493155
U.S. Open,2016-06-19,288.25820895522384
Quicken Loans National,2016-06-26,291.0166666666664
Barracuda Championship,2016-06-26,290.9439999999998
World Golf Championships-Bridgestone Invitational,2016-07-03,312.72413793103453
Barbasol Championship,2016-07-03,312.72413793103436
The Open Championship,2016-07-17,283.8135802469135
RBC Canadian Open,2016-07-24,310.88749999999993
PGA Championship,2016-07-31,289.24999999999983
Travelers Championship,2016-08-07,292.5972602739725
John Deere Classic,2016-08-14,288.8794520547945
Wyndham Championship,2016-08-21,310.7533333333333
The Barclays,2016-08-28,294.0784810126581
Deutsche Bank Championship,2016-09-05,292.573611111111
BMW Championship,2016-09-11,296.8441176470586
TOUR Championship,2016-09-25,301.6241379310345
Safeway Open,2016-10-16,288.16142857142853
Shriners Hospitals for Children Open,2016-11-06,308.69459459459455
OHL Classic at Mayakoba,2016-11-13,285.1166666666665
The RSM Classic,2016-11-20,287.3799999999999
SBS Tournament of Champions,2017-01-08,280.796875
Sony Open in Hawaii,2017-01-15,308.28356164383547
CareerBuilder Challenge,2017-01-22,287.50779220779214
Farmers Insurance Open,2017-01-29,287.8917808219177
Waste Management Phoenix Open,2017-02-05,303.82933333333324
AT&T Pebble Beach Pro-Am,2017-02-12,280.9138461538461
Genesis Open,2017-02-19,284.05352112676036
The Honda Classic,2017-02-26,292.87142857142857
World Golf Championships-Mexico Championship,2017-03-05,297.42499999999984
Valspar Championship,2017-03-12,288.450724637681
Arnold Palmer Invitational presented by Mastercard,2017-03-19,290.10833333333335
Puerto Rico Open,2017-03-19,290.10833333333323
Shell Houston Open,2017-04-02,286.81142857142845
Masters Tournament,2017-04-09,281.8396226415094
RBC Heritage,2017-04-16,278.26216216216204
Valero Texas Open,2017-04-23,291.236842105263
Wells Fargo Championship,2017-05-07,287.2986486486485
THE PLAYERS Championship,2017-05-14,288.0112676056339
AT&T Byron Nelson,2017-05-21,287.59324324324314
DEAN & DELUCA Invitational,2017-05-28,294.4888888888888
the Memorial Tournament presented by Nationwide,2017-06-04,294.3697368421053
FedEx St. Jude Classic,2017-06-11,292.73239436619707
U.S. Open,2017-06-18,306.8499999999999
Travelers Championship,2017-06-25,297.035135135135
Quicken Loans National,2017-07-02,301.7824324324324
The Greenbrier Classic,2017-07-09,307.6216216216215
John Deere Classic,2017-07-16,294.9643835616438
Barbasol Championship,2017-07-16,295.0142857142857
The Open Championship,2017-07-23,295.77272727272714
RBC Canadian Open,2017-07-30,300.332894736842
Barracuda Championship,2017-07-30,300.33289473684215
World Golf Championships-Bridgestone Invitational,2017-08-06,313.15921052631575
PGA Championship,2017-08-13,300.0213333333332
Wyndham Championship,2017-08-20,304.2810810810811
THE NORTHERN TRUST,2017-08-27,294.7871428571428
Dell Technologies Championship,2017-09-04,289.5379746835441
BMW Championship,2017-09-17,307.62753623188405
TOUR Championship,2017-09-24,301.0633333333334
Safeway Open,2017-10-08,302.78399999999993
Shriners Hospitals for Children Open,2017-11-05,311.41153846153844
OHL Classic at Mayakoba,2017-11-12,283.09615384615364
The RSM Classic,2017-11-19,287.90136986301366
Sentry Tournament of Champions,2018-01-07,274.5470588235295
Sony Open in Hawaii,2018-01-14,306.73684210526307
CareerBuilder Challenge,2018-01-21,292.7727272727273
Farmers Insurance Open,2018-01-28,299.7207792207791
Waste Management Phoenix Open,2018-02-04,305.3305555555555
AT&T Pebble Beach Pro-Am,2018-02-11,295.08000000000004
Genesis Open,2018-02-18,295.2184210526314
The Honda Classic,2018-02-25,295.3666666666666
World Golf Championships-Mexico Championship,2018-03-04,305.8609374999999
Valspar Championship,2018-03-11,295.7333333333333
Arnold Palmer Invitational presented by Mastercard,2018-03-18,292.75064935064927
Corales Puntacana Resort & Club Championship,2018-03-18,292.75064935064927
Houston Open,2018-04-01,288.7626666666665
Masters Tournament,2018-04-08,289.56226415094335
RBC Heritage,2018-04-15,279.3844155844156
Valero Texas Open,2018-04-22,301.11805555555543
Wells Fargo Championship,2018-05-06,312.01733333333317
THE PLAYERS Championship,2018-05-13,293.5338028169014
AT&T Byron Nelson,2018-05-20,295.9066666666667
Fort Worth Invitational,2018-05-27,299.51923076923066
the Memorial Tournament presented by Nationwide,2018-06-03,288.9739726027396
FedEx St. Jude Classic,2018-06-10,297.9527777777777
U.S. Open,2018-06-17,299.9626865671641
Travelers Championship,2018-06-24,295.6972972972972
Quicken Loans National,2018-07-01,299.76621621621615
A Military Tribute at The Greenbrier,2018-07-08,311.98181818181814
John Deere Classic,2018-07-15,292.4042253521126
Barbasol Championship,2018-07-15,292.1439024390244
The Open Championship,2018-07-22,306.3873417721519
RBC Canadian Open,2018-07-29,300.8089743589743
Barracuda Championship,2018-07-29,300.8089743589741
World Golf Championships-Bridgestone Invitational,2018-08-05,318.2647887323943
PGA Championship,2018-08-12,301.0374999999998
Wyndham Championship,2018-08-19,313.0319444444444
THE NORTHERN TRUST,2018-08-26,284.4062499999999
Dell Technologies Championship,2018-09-03,301.9105263157894
BMW Championship,2018-09-09,294.8220588235292
TOUR Championship,2018-09-23,301.9433333333334
Safeway Open,2018-10-07,307.69054054054044
Shriners Hospitals for Children Open,2018-11-04,311.42567567567556
Mayakoba Golf Classic,2018-11-11,288.2888888888888
The RSM Classic,2018-11-18,281.58717948717936
Sentry Tournament of Champions,2019-01-06,276.74242424242436
Sony Open in Hawaii,2019-01-13,305.1943661971829
Desert Classic,2019-01-20,289.5849315068491
Farmers Insurance Open,2019-01-27,296.2454545454544
Waste Management Phoenix Open,2019-02-03,303.894520547945
AT&T Pebble Beach Pro-Am,2019-02-10,274.40166666666664
Puerto Rico Open,2019-02-17,281.72368421052624
Genesis Open,2019-02-17,281.72368421052624
World Golf Championships-Mexico Championship,2019-02-24,320.80704225352105
The Honda Classic,2019-03-03,292.5757142857142
Arnold Palmer Invitational presented by Mastercard,2019-03-10,293.1328571428571
THE PLAYERS Championship,2019-03-17,288.2561643835615
Corales Puntacana Resort & Club Championship,2019-03-24,293.5057142857142
Valspar Championship,2019-03-24,293.5057142857142
Valero Texas Open,2019-04-07,299.94142857142856
Masters Tournament,2019-04-14,298.2030769230769
RBC Heritage,2019-04-21,283.65142857142837
Wells Fargo Championship,2019-05-05,307.15616438356153
AT&T Byron Nelson,2019-05-12,287.819718309859
PGA Championship,2019-05-19,299.97073170731693
Charles Schwab Challenge,2019-05-26,298.05342465753415
the Memorial Tournament presented by Nationwide,2019-06-02,282.4999999999999
RBC Canadian Open,2019-06-09,298.45211267605623
U.S. Open,2019-06-16,298.586075949367
Travelers Championship,2019-06-23,287.55571428571426
Rocket Mortgage Classic,2019-06-30,302.8183098591548
3M Open,2019-07-07,304.08904109589037
John Deere Classic,2019-07-14,311.12857142857155
Barbasol Championship,2019-07-14,310.24805194805174
The Open Championship,2019-07-21,291.4712328767123
World Golf Championships-FedEx St. Jude Invitational,2019-07-28,296.1380952380952
Barracuda Championship,2019-07-28,296.1380952380953
Wyndham Championship,2019-08-04,300.65657894736825
THE NORTHERN TRUST,2019-08-11,289.24166666666645
BMW Championship,2019-08-18,300.8985507246376
TOUR Championship,2019-08-25,302.26
